主站点号,电压等级,间隔名称,设备名称,设备大类,量测类型,信息分类,越限高限值,主站端描述,厂站端描述,Unnamed: 10,Unnamed: 11,Unnamed: 12
0,110kV,110kV4母线,110kV4母线,交流母线,A相电压,越限,,110kV-4母线A相电压,110kV-4母线A相电压,,,
1,110kV,110kV4母线,110kV4母线,交流母线,B相电压,越限,,110kV-4母线B相电压,110kV-4母线B相电压,,,
2,110kV,110kV4母线,110kV4母线,交流母线,C相电压,越限,,110kV-4母线C相电压,110kV-4母线C相电压,,,
3,110kV,110kV4母线,110kV4母线,交流母线,AB线电压,越限,,110kV-4母线AB线电压,110kV-4母线AB线电压,,,
4,110kV,110kV4母线,110kV4母线,交流母线,BC线电压,越限,,110kV-4母线BC线电压,110kV-4母线BC线电压,,,
5,110kV,110kV4母线,110kV4母线,交流母线,CA线电压,越限,,110kV-4母线CA线电压,110kV-4母线CA线电压,,,
6,110kV,110kV4母线,110kV4母线,交流母线,零序电压,越限,,110kV-4母线零序电压,110kV-4母线零序电压,,,
7,110kV,110kV4母线,110kV4母线,交流母线,频率,越限,,110kV-4母线频率,110kV-4母线频率,,,
8,110kV,110kV5母线,110kV5母线,交流母线,A相电压,越限,,110kV-5母线A相电压,110kV-5母线A相电压,,,
9,110kV,110kV5母线,110kV5母线,交流母线,B相电压,越限,,110kV-5母线B相电压,110kV-5母线B相电压,,,
10,110kV,110kV5母线,110kV5母线,交流母线,C相电压,越限,,110kV-5母线C相电压,110kV-5母线C相电压,,,
11,110kV,110kV5母线,110kV5母线,交流母线,AB线电压,越限,,110kV-5母线AB线电压,110kV-5母线AB线电压,,,
12,110kV,110kV5母线,110kV5母线,交流母线,BC线电压,越限,,110kV-5母线BC线电压,110kV-5母线BC线电压,,,
13,110kV,110kV5母线,110kV5母线,交流母线,CA线电压,越限,,110kV-5母线CA线电压,110kV-5母线CA线电压,,,
14,110kV,110kV5母线,110kV5母线,交流母线,零序电压,越限,,110kV-5母线零序电压,110kV-5母线零序电压,,,
15,110kV,110kV5母线,110kV5母线,交流母线,频率,越限,,110kV-5母线频率,110kV-5母线频率,,,
16,10kV,10kV4母线,10kV4母线,交流母线,A相电压,越限,,10kV-4母线A相电压,10kV-4母线A相电压,,,
17,10kV,10kV4母线,10kV4母线,交流母线,B相电压,越限,,10kV-4母线B相电压,10kV-4母线B相电压,,,d
18,10kV,10kV4母线,10kV4母线,交流母线,C相电压,越限,,10kV-4母线C相电压,10kV-4母线C相电压,,,
19,10kV,10kV4母线,10kV4母线,交流母线,AB线电压,越限,,10kV-4母线AB线电压,10kV-4母线AB线电压,,,
20,10kV,10kV4母线,10kV4母线,交流母线,BC线电压,越限,,10kV-4母线BC线电压,10kV-4母线BC线电压,,,
21,10kV,10kV4母线,10kV4母线,交流母线,CA线电压,越限,,10kV-4母线CA线电压,10kV-4母线CA线电压,,,
22,10kV,10kV4母线,10kV4母线,交流母线,零序电压,越限,,10kV-4母线零序电压,10kV-4母线零序电压,,,
23,10kV,10kV4母线,10kV4母线,交流母线,频率,越限,,10kV-4母线频率,10kV-4母线频率,,,
24,10kV,10kV5母线,10kV5母线,交流母线,A相电压,越限,,10kV-5母线A相电压,10kV-5母线A相电压,,,
25,10kV,10kV5母线,10kV5母线,交流母线,B相电压,越限,,10kV-5母线B相电压,10kV-5母线B相电压,,,
26,10kV,10kV5母线,10kV5母线,交流母线,C相电压,越限,,10kV-5母线C相电压,10kV-5母线C相电压,,,
27,10kV,10kV5母线,10kV5母线,交流母线,AB线电压,越限,,10kV-5母线AB线电压,10kV-5母线AB线电压,,,
28,10kV,10kV5母线,10kV5母线,交流母线,BC线电压,越限,,10kV-5母线BC线电压,10kV-5母线BC线电压,,,
29,10kV,10kV5母线,10kV5母线,交流母线,CA线电压,越限,,10kV-5母线CA线电压,10kV-5母线CA线电压,,,
30,10kV,10kV5母线,10kV5母线,交流母线,零序电压,越限,,10kV-5母线零序电压,10kV-5母线零序电压,,,
31,10kV,10kV5母线,10kV5母线,交流母线,频率,越限,,10kV-5母线频率,10kV-5母线频率,,,
32,110kV,110kV孟驿二线,110kV111孟驿二线,交流线段端点,有功,越限,,111有功,111有功,,,
33,110kV,110kV孟驿二线,110kV111孟驿二线,交流线段端点,无功,越限,,111无功,111无功,,,
34,110kV,110kV孟驿二线,110kV111孟驿二线,交流线段端点,A相电流,越限,,111A相电流,111A相电流,,,
35,110kV,110kV孟驿二线,110kV111孟驿二线,交流线段端点,B相电流,越限,,111B相电流,111B相电流,,,
36,110kV,110kV孟驿二线,110kV111孟驿二线,交流线段端点,C相电流,越限,,111C相电流,111C相电流,,,
37,110kV,110kV孟驿二线,110kV111孟驿二线,交流线段端点,功率因数,越限,,111功率因数,111功率因数,,,
38,10kV,1号主变,1号主变10kV侧,变压器绕组,有功,越限,,201有功,201有功,,,
39,10kV,1号主变,1号主变10kV侧,变压器绕组,无功,越限,,201无功,201无功,,,
40,10kV,1号主变,1号主变10kV侧,变压器绕组,A相电流,越限,,201A相电流,201A相电流,,,
41,10kV,1号主变,1号主变10kV侧,变压器绕组,B相电流,越限,,201B相电流,201B相电流,,,
42,10kV,1号主变,1号主变10kV侧,变压器绕组,C相电流,越限,,201C相电流,201C相电流,,,
43,10kV,1号主变,1号主变10kV侧,变压器绕组,功率因数,越限,,201功率因数,201功率因数,,,
44,110kV,1号主变,1号主变35kV侧,变压器绕组,档位,越限,,1#主变分接头位置,1#主变分接头位置,,,
45,110kV,1号主变,1号主变机构,辅助设备,,越限,,1#主变油温1,1#主变油温1,,,
46,110kV,1号主变,1号主变机构,辅助设备,,越限,,1#主变油温2,1#主变油温2,,,
47,110kV,110kV武南一线,110kV112武南一线,交流线段端点,有功,越限,,112有功,112有功,,,
48,110kV,110kV武南一线,110kV112武南一线,交流线段端点,无功,越限,,112无功,112无功,,,
49,110kV,110kV武南一线,110kV112武南一线,交流线段端点,A相电流,越限,,112A相电流,112A相电流,,,
50,110kV,110kV武南一线,110kV112武南一线,交流线段端点,B相电流,越限,,112B相电流,112B相电流,,,
51,110kV,110kV武南一线,110kV112武南一线,交流线段端点,C相电流,越限,,112C相电流,112C相电流,,,
52,110kV,110kV武南一线,110kV112武南一线,交流线段端点,功率因数,越限,,112功率因数,112功率因数,,,
53,10kV,2号主变,2号主变10kV侧,变压器绕组,有功,越限,,202有功,202有功,,,
54,10kV,2号主变,2号主变10kV侧,变压器绕组,无功,越限,,202无功,202无功,,,
55,10kV,2号主变,2号主变10kV侧,变压器绕组,A相电流,越限,,202A相电流,202A相电流,,,
56,10kV,2号主变,2号主变10kV侧,变压器绕组,B相电流,越限,,202B相电流,202B相电流,,,
57,10kV,2号主变,2号主变10kV侧,变压器绕组,C相电流,越限,,202C相电流,202C相电流,,,
58,10kV,2号主变,2号主变10kV侧,变压器绕组,功率因数,越限,,202功率因数,202功率因数,,,
59,110kV,2号主变,2号主变35kV侧,变压器绕组,档位,越限,,2#主变分接头位置,2#主变分接头位置,,,
60,110kV,2号主变,2号主变机构,辅助设备,,越限,,2#主变油温1,2#主变油温1,,,
61,110kV,2号主变,2号主变机构,辅助设备,,越限,,2#主变油温2,2#主变油温2,,,
62,110kV,110kV145分段,110kV145分段,交流开关,A相电流,越限,,145A相电流,145A相电流,,,
63,110kV,110kV145分段,110kV145分段,交流开关,B相电流,越限,,145B相电流,145B相电流,,,
64,110kV,110kV145分段,110kV145分段,交流开关,C相电流,越限,,145C相电流,145C相电流,,,
65,10kV,10kV电信五线,10kV赛11电信五线,交流线段端点,有功,越限,,赛11有功,赛11有功,,,
66,10kV,10kV电信五线,10kV赛11电信五线,交流线段端点,无功,越限,,赛11无功,赛11无功,,,
67,10kV,10kV电信五线,10kV赛11电信五线,交流线段端点,A相电流,越限,,赛11A相电流,赛11A相电流,,,
68,10kV,10kV电信五线,10kV赛11电信五线,交流线段端点,B相电流,越限,,赛11B相电流,赛11B相电流,,,
69,10kV,10kV电信五线,10kV赛11电信五线,交流线段端点,C相电流,越限,,赛11C相电流,赛11C相电流,,,
70,10kV,10kV电信五线,10kV赛11电信五线,交流线段端点,功率因数,越限,,赛11功率因数,赛11功率因数,,,
71,10kV,10kV电信四线,10kV赛13电信四线,交流线段端点,有功,越限,,赛13有功,赛13有功,,,
72,10kV,10kV电信四线,10kV赛13电信四线,交流线段端点,无功,越限,,赛13无功,赛13无功,,,
73,10kV,10kV电信四线,10kV赛13电信四线,交流线段端点,A相电流,越限,,赛13A相电流,赛13A相电流,,,
74,10kV,10kV电信四线,10kV赛13电信四线,交流线段端点,B相电流,越限,,赛13B相电流,赛13B相电流,,,
75,10kV,10kV电信四线,10kV赛13电信四线,交流线段端点,C相电流,越限,,赛13C相电流,赛13C相电流,,,
76,10kV,10kV电信四线,10kV赛13电信四线,交流线段端点,功率因数,越限,,赛13功率因数,赛13功率因数,,,
77,10kV,10kV电信三线,10kV赛15电信三线,交流线段端点,有功,越限,,赛15有功,赛15有功,,,
78,10kV,10kV电信三线,10kV赛15电信三线,交流线段端点,无功,越限,,赛15无功,赛15无功,,,
79,10kV,10kV电信三线,10kV赛15电信三线,交流线段端点,A相电流,越限,,赛15A相电流,赛15A相电流,,,
80,10kV,10kV电信三线,10kV赛15电信三线,交流线段端点,B相电流,越限,,赛15B相电流,赛15B相电流,,,
81,10kV,10kV电信三线,10kV赛15电信三线,交流线段端点,C相电流,越限,,赛15C相电流,赛15C相电流,,,
82,10kV,10kV电信三线,10kV赛15电信三线,交流线段端点,功率因数,越限,,赛15功率因数,赛15功率因数,,,
83,10kV,10kV帕克一线,10kV赛17帕克一线,交流线段端点,有功,越限,,赛17有功,赛17有功,,,
84,10kV,10kV帕克一线,10kV赛17帕克一线,交流线段端点,无功,越限,,赛17无功,赛17无功,,,
85,10kV,10kV帕克一线,10kV赛17帕克一线,交流线段端点,A相电流,越限,,赛17A相电流,赛17A相电流,,,
86,10kV,10kV帕克一线,10kV赛17帕克一线,交流线段端点,B相电流,越限,,赛17B相电流,赛17B相电流,,,
87,10kV,10kV帕克一线,10kV赛17帕克一线,交流线段端点,C相电流,越限,,赛17C相电流,赛17C相电流,,,
88,10kV,10kV帕克一线,10kV赛17帕克一线,交流线段端点,功率因数,越限,,赛17功率因数,赛17功率因数,,,
89,10kV,10kV平洋一线,10kV赛19平洋一线,交流线段端点,有功,越限,,赛19有功,赛19有功,,,
90,10kV,10kV平洋一线,10kV赛19平洋一线,交流线段端点,无功,越限,,赛19无功,赛19无功,,,
91,10kV,10kV平洋一线,10kV赛19平洋一线,交流线段端点,A相电流,越限,,赛19A相电流,赛19A相电流,,,
92,10kV,10kV平洋一线,10kV赛19平洋一线,交流线段端点,B相电流,越限,,赛19B相电流,赛19B相电流,,,
93,10kV,10kV平洋一线,10kV赛19平洋一线,交流线段端点,C相电流,越限,,赛19C相电流,赛19C相电流,,,
94,10kV,10kV平洋一线,10kV赛19平洋一线,交流线段端点,功率因数,越限,,赛19功率因数,赛19功率因数,,,
95,10kV,10kV高创线,10kV赛21高创线,交流线段端点,有功,越限,,赛21有功,赛21有功,,,
96,10kV,10kV高创线,10kV赛21高创线,交流线段端点,无功,越限,,赛21无功,赛21无功,,,
97,10kV,10kV高创线,10kV赛21高创线,交流线段端点,A相电流,越限,,赛21A相电流,赛21A相电流,,,
98,10kV,10kV高创线,10kV赛21高创线,交流线段端点,B相电流,越限,,赛21B相电流,赛21B相电流,,,
99,10kV,10kV高创线,10kV赛21高创线,交流线段端点,C相电流,越限,,赛21C相电流,赛21C相电流,,,
100,10kV,10kV高创线,10kV赛21高创线,交流线段端点,功率因数,越限,,赛21功率因数,赛21功率因数,,,
101,10kV,10kV臻芸一线,10kV赛23臻芸一线,交流线段端点,有功,越限,,赛23有功,赛23有功,,,
102,10kV,10kV臻芸一线,10kV赛23臻芸一线,交流线段端点,无功,越限,,赛23无功,赛23无功,,,
103,10kV,10kV臻芸一线,10kV赛23臻芸一线,交流线段端点,A相电流,越限,,赛23A相电流,赛23A相电流,,,
104,10kV,10kV臻芸一线,10kV赛23臻芸一线,交流线段端点,B相电流,越限,,赛23B相电流,赛23B相电流,,,
105,10kV,10kV臻芸一线,10kV赛23臻芸一线,交流线段端点,C相电流,越限,,赛23C相电流,赛23C相电流,,,
106,10kV,10kV臻芸一线,10kV赛23臻芸一线,交流线段端点,功率因数,越限,,赛23功率因数,赛23功率因数,,,
107,10kV,10kV富瑞一线,10kV赛25富瑞一线,交流线段端点,有功,越限,,赛25有功,赛25有功,,,
108,10kV,10kV富瑞一线,10kV赛25富瑞一线,交流线段端点,无功,越限,,赛25无功,赛25无功,,,
109,10kV,10kV富瑞一线,10kV赛25富瑞一线,交流线段端点,A相电流,越限,,赛25A相电流,赛25A相电流,,,
110,10kV,10kV富瑞一线,10kV赛25富瑞一线,交流线段端点,B相电流,越限,,赛25B相电流,赛25B相电流,,,
111,10kV,10kV富瑞一线,10kV赛25富瑞一线,交流线段端点,C相电流,越限,,赛25C相电流,赛25C相电流,,,
112,10kV,10kV富瑞一线,10kV赛25富瑞一线,交流线段端点,功率因数,越限,,赛25功率因数,赛25功率因数,,,
113,10kV,10kV芸科一线,10kV赛27芸科一线,交流线段端点,有功,越限,,赛27有功,赛27有功,,,
114,10kV,10kV芸科一线,10kV赛27芸科一线,交流线段端点,无功,越限,,赛27无功,赛27无功,,,
115,10kV,10kV芸科一线,10kV赛27芸科一线,交流线段端点,A相电流,越限,,赛27A相电流,赛27A相电流,,,
116,10kV,10kV芸科一线,10kV赛27芸科一线,交流线段端点,B相电流,越限,,赛27B相电流,赛27B相电流,,,
117,10kV,10kV芸科一线,10kV赛27芸科一线,交流线段端点,C相电流,越限,,赛27C相电流,赛27C相电流,,,
118,10kV,10kV芸科一线,10kV赛27芸科一线,交流线段端点,功率因数,越限,,赛27功率因数,赛27功率因数,,,
119,10kV,10kV中铁一线,10kV赛29中铁一线,交流线段端点,有功,越限,,赛29有功,赛29有功,,,
120,10kV,10kV中铁一线,10kV赛29中铁一线,交流线段端点,无功,越限,,赛29无功,赛29无功,,,
121,10kV,10kV中铁一线,10kV赛29中铁一线,交流线段端点,A相电流,越限,,赛29A相电流,赛29A相电流,,,
122,10kV,10kV中铁一线,10kV赛29中铁一线,交流线段端点,B相电流,越限,,赛29B相电流,赛29B相电流,,,
123,10kV,10kV中铁一线,10kV赛29中铁一线,交流线段端点,C相电流,越限,,赛29C相电流,赛29C相电流,,,
124,10kV,10kV中铁一线,10kV赛29中铁一线,交流线段端点,功率因数,越限,,赛29功率因数,赛29功率因数,,,
125,10kV,10kV铁信一线,10kV赛31铁信一线,交流线段端点,有功,越限,,赛31有功,赛31有功,,,
126,10kV,10kV铁信一线,10kV赛31铁信一线,交流线段端点,无功,越限,,赛31无功,赛31无功,,,
127,10kV,10kV铁信一线,10kV赛31铁信一线,交流线段端点,A相电流,越限,,赛31A相电流,赛31A相电流,,,
128,10kV,10kV铁信一线,10kV赛31铁信一线,交流线段端点,B相电流,越限,,赛31B相电流,赛31B相电流,,,
129,10kV,10kV铁信一线,10kV赛31铁信一线,交流线段端点,C相电流,越限,,赛31C相电流,赛31C相电流,,,
130,10kV,10kV铁信一线,10kV赛31铁信一线,交流线段端点,功率因数,越限,,赛31功率因数,赛31功率因数,,,
131,10kV,10kV信大一线,10kV赛33信大一线,交流线段端点,有功,越限,,赛33有功,赛33有功,,,
132,10kV,10kV信大一线,10kV赛33信大一线,交流线段端点,无功,越限,,赛33无功,赛33无功,,,
133,10kV,10kV信大一线,10kV赛33信大一线,交流线段端点,A相电流,越限,,赛33A相电流,赛33A相电流,,,
134,10kV,10kV信大一线,10kV赛33信大一线,交流线段端点,B相电流,越限,,赛33B相电流,赛33B相电流,,,
135,10kV,10kV信大一线,10kV赛33信大一线,交流线段端点,C相电流,越限,,赛33C相电流,赛33C相电流,,,
136,10kV,10kV信大一线,10kV赛33信大一线,交流线段端点,功率因数,越限,,赛33功率因数,赛33功率因数,,,
137,10kV,10kV芸科二线,10kV赛12芸科二线,交流线段端点,有功,越限,,赛12有功,赛12有功,,,
138,10kV,10kV芸科二线,10kV赛12芸科二线,交流线段端点,无功,越限,,赛12无功,赛12无功,,,
139,10kV,10kV芸科二线,10kV赛12芸科二线,交流线段端点,A相电流,越限,,赛12A相电流,赛12A相电流,,,
140,10kV,10kV芸科二线,10kV赛12芸科二线,交流线段端点,B相电流,越限,,赛12B相电流,赛12B相电流,,,
141,10kV,10kV芸科二线,10kV赛12芸科二线,交流线段端点,C相电流,越限,,赛12C相电流,赛12C相电流,,,
142,10kV,10kV芸科二线,10kV赛12芸科二线,交流线段端点,功率因数,越限,,赛12功率因数,赛12功率因数,,,
143,10kV,10kV臻芸二线,10kV赛14臻芸二线,交流线段端点,有功,越限,,赛14有功,赛14有功,,,
144,10kV,10kV臻芸二线,10kV赛14臻芸二线,交流线段端点,无功,越限,,赛14无功,赛14无功,,,
145,10kV,10kV臻芸二线,10kV赛14臻芸二线,交流线段端点,A相电流,越限,,赛14A相电流,赛14A相电流,,,
146,10kV,10kV臻芸二线,10kV赛14臻芸二线,交流线段端点,B相电流,越限,,赛14B相电流,赛14B相电流,,,
147,10kV,10kV臻芸二线,10kV赛14臻芸二线,交流线段端点,C相电流,越限,,赛14C相电流,赛14C相电流,,,
148,10kV,10kV臻芸二线,10kV赛14臻芸二线,交流线段端点,功率因数,越限,,赛14功率因数,赛14功率因数,,,
149,10kV,10kV帕克二线,10kV赛16帕克二线,交流线段端点,有功,越限,,赛16有功,赛16有功,,,
150,10kV,10kV帕克二线,10kV赛16帕克二线,交流线段端点,无功,越限,,赛16无功,赛16无功,,,
151,10kV,10kV帕克二线,10kV赛16帕克二线,交流线段端点,A相电流,越限,,赛16A相电流,赛16A相电流,,,
152,10kV,10kV帕克二线,10kV赛16帕克二线,交流线段端点,B相电流,越限,,赛16B相电流,赛16B相电流,,,
153,10kV,10kV帕克二线,10kV赛16帕克二线,交流线段端点,C相电流,越限,,赛16C相电流,赛16C相电流,,,
154,10kV,10kV帕克二线,10kV赛16帕克二线,交流线段端点,功率因数,越限,,赛16功率因数,赛16功率因数,,,
155,10kV,10kV平洋二线,10kV赛18平洋二线,交流线段端点,有功,越限,,赛18有功,赛18有功,,,
156,10kV,10kV平洋二线,10kV赛18平洋二线,交流线段端点,无功,越限,,赛18无功,赛18无功,,,
157,10kV,10kV平洋二线,10kV赛18平洋二线,交流线段端点,A相电流,越限,,赛18A相电流,赛18A相电流,,,
158,10kV,10kV平洋二线,10kV赛18平洋二线,交流线段端点,B相电流,越限,,赛18B相电流,赛18B相电流,,,
159,10kV,10kV平洋二线,10kV赛18平洋二线,交流线段端点,C相电流,越限,,赛18C相电流,赛18C相电流,,,
160,10kV,10kV平洋二线,10kV赛18平洋二线,交流线段端点,功率因数,越限,,赛18功率因数,赛18功率因数,,,
161,10kV,10kV中铁二线,10kV赛22中铁二线,交流线段端点,有功,越限,,赛22有功,赛22有功,,,
162,10kV,10kV中铁二线,10kV赛22中铁二线,交流线段端点,无功,越限,,赛22无功,赛22无功,,,
163,10kV,10kV中铁二线,10kV赛22中铁二线,交流线段端点,A相电流,越限,,赛22A相电流,赛22A相电流,,,
164,10kV,10kV中铁二线,10kV赛22中铁二线,交流线段端点,B相电流,越限,,赛22B相电流,赛22B相电流,,,
165,10kV,10kV中铁二线,10kV赛22中铁二线,交流线段端点,C相电流,越限,,赛22C相电流,赛22C相电流,,,
166,10kV,10kV中铁二线,10kV赛22中铁二线,交流线段端点,功率因数,越限,,赛22功率因数,赛22功率因数,,,
167,10kV,10kV铁信二线,10kV赛24铁信二线,交流线段端点,有功,越限,,赛24有功,赛24有功,,,
168,10kV,10kV铁信二线,10kV赛24铁信二线,交流线段端点,无功,越限,,赛24无功,赛24无功,,,
169,10kV,10kV铁信二线,10kV赛24铁信二线,交流线段端点,A相电流,越限,,赛24A相电流,赛24A相电流,,,
170,10kV,10kV铁信二线,10kV赛24铁信二线,交流线段端点,B相电流,越限,,赛24B相电流,赛24B相电流,,,
171,10kV,10kV铁信二线,10kV赛24铁信二线,交流线段端点,C相电流,越限,,赛24C相电流,赛24C相电流,,,
172,10kV,10kV铁信二线,10kV赛24铁信二线,交流线段端点,功率因数,越限,,赛24功率因数,赛24功率因数,,,
173,10kV,10kV信大二线,10kV赛26信大二线,交流线段端点,有功,越限,,赛26有功,赛26有功,,,
174,10kV,10kV信大二线,10kV赛26信大二线,交流线段端点,无功,越限,,赛26无功,赛26无功,,,
175,10kV,10kV信大二线,10kV赛26信大二线,交流线段端点,A相电流,越限,,赛26A相电流,赛26A相电流,,,
176,10kV,10kV信大二线,10kV赛26信大二线,交流线段端点,B相电流,越限,,赛26B相电流,赛26B相电流,,,
177,10kV,10kV信大二线,10kV赛26信大二线,交流线段端点,C相电流,越限,,赛26C相电流,赛26C相电流,,,
178,10kV,10kV信大二线,10kV赛26信大二线,交流线段端点,功率因数,越限,,赛26功率因数,赛26功率因数,,,
179,10kV,10kV赛28备用线,10kV赛28备用线,交流线段端点,有功,越限,,赛28有功,赛28有功,,,
180,10kV,10kV赛28备用线,10kV赛28备用线,交流线段端点,无功,越限,,赛28无功,赛28无功,,,
181,10kV,10kV赛28备用线,10kV赛28备用线,交流线段端点,A相电流,越限,,赛28A相电流,赛28A相电流,,,
182,10kV,10kV赛28备用线,10kV赛28备用线,交流线段端点,B相电流,越限,,赛28B相电流,赛28B相电流,,,
183,10kV,10kV赛28备用线,10kV赛28备用线,交流线段端点,C相电流,越限,,赛28C相电流,赛28C相电流,,,
184,10kV,10kV赛28备用线,10kV赛28备用线,交流线段端点,功率因数,越限,,赛28功率因数,赛28功率因数,,,
185,10kV,10kV电信二线,10kV赛32电信二线,交流线段端点,有功,越限,,赛32有功,赛32有功,,,
186,10kV,10kV电信二线,10kV赛32电信二线,交流线段端点,无功,越限,,赛32无功,赛32无功,,,
187,10kV,10kV电信二线,10kV赛32电信二线,交流线段端点,A相电流,越限,,赛32A相电流,赛32A相电流,,,
188,10kV,10kV电信二线,10kV赛32电信二线,交流线段端点,B相电流,越限,,赛32B相电流,赛32B相电流,,,
189,10kV,10kV电信二线,10kV赛32电信二线,交流线段端点,C相电流,越限,,赛32C相电流,赛32C相电流,,,
190,10kV,10kV电信二线,10kV赛32电信二线,交流线段端点,功率因数,越限,,赛32功率因数,赛32功率因数,,,
191,10kV,10kV电信一线,10kV赛34电信一线,交流线段端点,有功,越限,,赛34有功,赛34有功,,,
192,10kV,10kV电信一线,10kV赛34电信一线,交流线段端点,无功,越限,,赛34无功,赛34无功,,,
193,10kV,10kV电信一线,10kV赛34电信一线,交流线段端点,A相电流,越限,,赛34A相电流,赛34A相电流,,,
194,10kV,10kV电信一线,10kV赛34电信一线,交流线段端点,B相电流,越限,,赛34B相电流,赛34B相电流,,,
195,10kV,10kV电信一线,10kV赛34电信一线,交流线段端点,C相电流,越限,,赛34C相电流,赛34C相电流,,,
196,10kV,10kV电信一线,10kV赛34电信一线,交流线段端点,功率因数,越限,,赛34功率因数,赛34功率因数,,,
197,10kV,10kV富瑞二线,10kV赛36富瑞二线,交流线段端点,有功,越限,,赛36有功,赛36有功,,,
198,10kV,10kV富瑞二线,10kV赛36富瑞二线,交流线段端点,无功,越限,,赛36无功,赛36无功,,,
199,10kV,10kV富瑞二线,10kV赛36富瑞二线,交流线段端点,A相电流,越限,,赛36A相电流,赛36A相电流,,,
200,10kV,10kV富瑞二线,10kV赛36富瑞二线,交流线段端点,B相电流,越限,,赛36B相电流,赛36B相电流,,,
201,10kV,10kV富瑞二线,10kV赛36富瑞二线,交流线段端点,C相电流,越限,,赛36C相电流,赛36C相电流,,,
202,10kV,10kV富瑞二线,10kV赛36富瑞二线,交流线段端点,功率因数,越限,,赛36功率因数,赛36功率因数,,,
203,10kV,10kV富瑞三线,10kV赛38富瑞三线,交流线段端点,有功,越限,,赛38有功,赛38有功,,,
204,10kV,10kV富瑞三线,10kV赛38富瑞三线,交流线段端点,无功,越限,,赛38无功,赛38无功,,,
205,10kV,10kV富瑞三线,10kV赛38富瑞三线,交流线段端点,A相电流,越限,,赛38A相电流,赛38A相电流,,,
206,10kV,10kV富瑞三线,10kV赛38富瑞三线,交流线段端点,B相电流,越限,,赛38B相电流,赛38B相电流,,,
207,10kV,10kV富瑞三线,10kV赛38富瑞三线,交流线段端点,C相电流,越限,,赛38C相电流,赛38C相电流,,,
208,10kV,10kV富瑞三线,10kV赛38富瑞三线,交流线段端点,功率因数,越限,,赛38功率因数,赛38功率因数,,,
209,10kV,10kV245分段,10kV245分段,交流开关,A相电流,越限,,245A相电流,245A相电流,,,
210,10kV,10kV245分段,10kV245分段,交流开关,B相电流,越限,,245B相电流,245B相电流,,,
211,10kV,10kV245分段,10kV245分段,交流开关,C相电流,越限,,245C相电流,245C相电流,,,
212,10kV,10kV2061电容器,10kV2061电容器,电容电抗,无功,越限,,2061无功,2061无功,,,
213,10kV,10kV2061电容器,10kV2061电容器,电容电抗,A相电流,越限,,2061A相电流,2061A相电流,,,
214,10kV,10kV2061电容器,10kV2061电容器,电容电抗,B相电流,越限,,2061B相电流,2061B相电流,,,
215,10kV,10kV2061电容器,10kV2061电容器,电容电抗,C相电流,越限,,2061C相电流,2061C相电流,,,
216,10kV,10kV2062电容器,10kV2062电容器,电容电抗,无功,越限,,2062无功,2062无功,,,
217,10kV,10kV2062电容器,10kV2062电容器,电容电抗,A相电流,越限,,2062A相电流,2062A相电流,,,
218,10kV,10kV2062电容器,10kV2062电容器,电容电抗,B相电流,越限,,2062B相电流,2062B相电流,,,
219,10kV,10kV2062电容器,10kV2062电容器,电容电抗,C相电流,越限,,2062C相电流,2062C相电流,,,
220,10kV,10kV2071电容器,10kV2071电容器,电容电抗,无功,越限,,2071无功,2071无功,,,
221,10kV,10kV2071电容器,10kV2071电容器,电容电抗,A相电流,越限,,2071A相电流,2071A相电流,,,
222,10kV,10kV2071电容器,10kV2071电容器,电容电抗,B相电流,越限,,2071B相电流,2071B相电流,,,
223,10kV,10kV2071电容器,10kV2071电容器,电容电抗,C相电流,越限,,2071C相电流,2071C相电流,,,
224,10kV,10kV2072电容器,10kV2072电容器,电容电抗,无功,越限,,2072无功,2072无功,,,
225,10kV,10kV2072电容器,10kV2072电容器,电容电抗,A相电流,越限,,2072A相电流,2072A相电流,,,
226,10kV,10kV2072电容器,10kV2072电容器,电容电抗,B相电流,越限,,2072B相电流,2072B相电流,,,
227,10kV,10kV2072电容器,10kV2072电容器,电容电抗,C相电流,越限,,2072C相电流,2072C相电流,,,
228,10kV,10kV赛10接地变,10kV赛10接地变,负荷,有功,越限,,赛10有功,赛10有功,,,
229,10kV,10kV赛10接地变,10kV赛10接地变,负荷,无功,越限,,赛10无功,赛10无功,,,
230,10kV,10kV赛10接地变,10kV赛10接地变,负荷,A相电流,越限,,赛10A相电流,赛10A相电流,,,
231,10kV,10kV赛10接地变,10kV赛10接地变,负荷,B相电流,越限,,赛10B相电流,赛10B相电流,,,
232,10kV,10kV赛10接地变,10kV赛10接地变,负荷,C相电流,越限,,赛10C相电流,赛10C相电流,,,
233,10kV,10kV赛10接地变,10kV赛10接地变,负荷,功率因数,越限,,赛10功率因数,赛10功率因数,,,
234,10kV,10kV赛10接地变,消弧线圈,负荷,,越限,,赛10消弧线圈位移电压,赛10消弧线圈位移电压,,,
235,10kV,10kV赛10接地变,消弧线圈,负荷,,越限,,赛10消弧线圈电容电流,赛10消弧线圈电容电流,,,
236,10kV,10kV赛10接地变,消弧线圈,负荷,,越限,,赛10消弧线圈脱谐度,赛10消弧线圈脱谐度,,,
237,10kV,10kV赛10接地变,消弧线圈,负荷,,越限,,赛10消弧线圈残流,赛10消弧线圈残流,,,
238,10kV,10kV赛20接地变,10kV赛20接地变,负荷,有功,越限,,赛20有功,赛20有功,,,
239,10kV,10kV赛20接地变,10kV赛20接地变,负荷,无功,越限,,赛20无功,赛20无功,,,
240,10kV,10kV赛20接地变,10kV赛20接地变,负荷,A相电流,越限,,赛20A相电流,赛20A相电流,,,
241,10kV,10kV赛20接地变,10kV赛20接地变,负荷,B相电流,越限,,赛20B相电流,赛20B相电流,,,
242,10kV,10kV赛20接地变,10kV赛20接地变,负荷,C相电流,越限,,赛20C相电流,赛20C相电流,,,
243,10kV,10kV赛20接地变,10kV赛20接地变,负荷,功率因数,越限,,赛20功率因数,赛20功率因数,,,
244,10kV,10kV赛20接地变,消弧线圈,负荷,,越限,,赛20消弧线圈位移电压,赛20消弧线圈位移电压,,,
245,10kV,10kV赛20接地变,消弧线圈,负荷,,越限,,赛20消弧线圈电容电流,赛20消弧线圈电容电流,,,
246,10kV,10kV赛20接地变,消弧线圈,负荷,,越限,,赛20消弧线圈脱谐度,赛20消弧线圈脱谐度,,,
247,10kV,10kV赛20接地变,消弧线圈,负荷,,越限,,赛20消弧线圈残流,赛20消弧线圈残流,,,
248,380V,交直流间隔,交流系统,辅助设备,,越限,,站用电I段母线AB线电压,站用电I段母线AB线电压,,,
249,380V,交直流间隔,交流系统,辅助设备,,越限,,站用电I段母线BC线电压,站用电I段母线BC线电压,,,
250,380V,交直流间隔,交流系统,辅助设备,,越限,,站用电I段母线CA线电压,站用电I段母线CA线电压,,,
251,380V,交直流间隔,交流系统,辅助设备,,越限,,站用电II段母线AB线电压,站用电II段母线AB线电压,,,
252,380V,交直流间隔,交流系统,辅助设备,,越限,,站用电II段母线BC线电压,站用电II段母线BC线电压,,,
253,380V,交直流间隔,交流系统,辅助设备,,越限,,站用电II段母线CA线电压,站用电II段母线CA线电压,,,
254,380V,交直流间隔,直流系统,辅助设备,,越限,,I段直流母线电压,I段直流母线电压,,,
255,380V,交直流间隔,直流系统,辅助设备,,越限,,II段直流母线电压,II段直流母线电压,,,
256,380V,交直流间隔,直流系统,辅助设备,,越限,,蓄电池组电压,蓄电池组电压,,,
257,380V,交直流间隔,直流系统,辅助设备,,越限,,蓄电池组电流,蓄电池组电流,,,
258,380V,交直流间隔,直流系统,辅助设备,,越限,,充电机直流输出电压,充电机直流输出电压,,,
259,380V,交直流间隔,直流系统,辅助设备,,越限,,充电机直流输出电流,充电机直流输出电流,,,
260,10kV,10kV赛20接地变,消弧线圈,负荷,,越限,,赛20消弧线圈档位,赛20消弧线圈档位,,,
261,10kV,10kV赛10接地变,消弧线圈,负荷,,越限,,赛10消弧线圈档位,赛10消弧线圈档位,,,
