点号,电压等级,间隔名称,设备名称,设备大类,信息分类,告警分级,量测类型,动作量词,信号类型,是否上光字牌,主站描述,厂站端描述
0,110kV,公用间隔,全站事故总,二次设备,事故,,,PSCADA复归/动作,保护事件,是,事故总信号,事故总信号
1,110kV,110kV高马一线,111开关,交流开关,变位,,位置遥信,PSCADA分位/合位,一般遥信,是,111开关,111开关
2,110kV,110kV高马一线,111-4刀闸,交流刀闸,告知,,位置遥信,PSCADA分位/合位,一般遥信,是,111-4刀闸,111-4刀闸
3,110kV,110kV高马一线,111-47接地刀闸,接地刀闸,告知,,位置遥信,PSCADA分位/合位,一般遥信,是,111-47地刀,111-47地刀
4,110kV,110kV高马一线,111-2刀闸,交流刀闸,告知,,位置遥信,PSCADA分位/合位,一般遥信,是,111-2刀闸,111-2刀闸
5,110kV,110kV高马一线,111-17接地刀闸,接地刀闸,告知,,位置遥信,PSCADA分位/合位,一般遥信,是,111-17地刀,111-17地刀
6,110kV,110kV高马二线,112开关,交流开关,变位,,位置遥信,PSCADA分位/合位,一般遥信,是,112开关,112开关
7,110kV,110kV高马二线,112-5刀闸,交流刀闸,告知,,位置遥信,PSCADA分位/合位,一般遥信,是,112-5刀闸,112-5刀闸
8,110kV,110kV高马二线,112-57接地刀闸,接地刀闸,告知,,位置遥信,PSCADA分位/合位,一般遥信,是,112-57地刀,112-57地刀
9,110kV,110kV高马二线,112-2刀闸,交流刀闸,告知,,位置遥信,PSCADA分位/合位,一般遥信,是,112-2刀闸,112-2刀闸
10,110kV,110kV高马二线,112-17接地刀闸,接地刀闸,告知,,位置遥信,PSCADA分位/合位,一般遥信,是,112-17地刀,112-17地刀
11,110kV,110kV145分段,145开关,交流开关,变位,,位置遥信,PSCADA分位/合位,一般遥信,是,145母联开关,145母联开关
12,110kV,110kV145分段,145-5刀闸,交流刀闸,告知,,位置遥信,PSCADA分位/合位,一般遥信,是,145-5刀闸,145-5刀闸
13,110kV,110kV145分段,145-57接地刀闸,接地刀闸,告知,,位置遥信,PSCADA分位/合位,一般遥信,是,145-57地刀,145-57地刀
14,110kV,110kV145分段,145-4刀闸,交流刀闸,告知,,位置遥信,PSCADA分位/合位,一般遥信,是,145-4刀闸,145-4刀闸
15,110kV,110kV145分段,145-47接地刀闸,接地刀闸,告知,,位置遥信,PSCADA分位/合位,一般遥信,是,145-47地刀,145-47地刀
16,110kV,1号主变110kV侧,1-7刀闸,接地刀闸,告知,,位置遥信,PSCADA分位/合位,一般遥信,是,1-7刀闸,1-7刀闸
17,110kV,1号主变110kV侧,101-0刀闸,交流刀闸,告知,,位置遥信,PSCADA分位/合位,一般遥信,是,101-0刀闸,101-0刀闸
18,110kV,1号主变110kV侧,101-07刀闸,接地刀闸,告知,,位置遥信,PSCADA分位/合位,一般遥信,是,101-07刀闸,101-07刀闸
19,110kV,1号主变110kV侧,4-7刀闸,接地刀闸,告知,,位置遥信,PSCADA分位/合位,一般遥信,是,4-7刀闸,4-7刀闸
20,35kV,1号主变35kV侧,301开关,交流开关,变位,,位置遥信,PSCADA分位/合位,一般遥信,是,301开关,301开关
21,35kV,1号主变35kV侧,301开关手车,交流刀闸,告知,,位置遥信,PSCADA分位/合位,一般遥信,是,301手车工作位置,301手车工作位置
22,35kV,1号主变35kV侧,301-2刀闸,交流刀闸,告知,,位置遥信,PSCADA分位/合位,一般遥信,是,301-2刀闸,301-2刀闸
23,10kV,1号主变10kV侧,201开关,交流开关,变位,,位置遥信,PSCADA分位/合位,一般遥信,是,201开关,201开关
24,10kV,1号主变10kV侧,201开关手车,交流刀闸,告知,,位置遥信,PSCADA分位/合位,一般遥信,是,201手车工作位置,201手车工作位置
25,110kV,2号主变110kV侧,2-7刀闸,接地刀闸,告知,,位置遥信,PSCADA分位/合位,一般遥信,是,2-7刀闸,2-7刀闸
26,110kV,2号主变110kV侧,102-0刀闸,交流刀闸,告知,,位置遥信,PSCADA分位/合位,一般遥信,是,102-0刀闸,102-0刀闸
27,110kV,2号主变110kV侧,102-07刀闸,接地刀闸,告知,,位置遥信,PSCADA分位/合位,一般遥信,是,102-07刀闸,102-07刀闸
28,110kV,2号主变110kV侧,5-7刀闸,接地刀闸,告知,,位置遥信,PSCADA分位/合位,一般遥信,是,5-7刀闸,5-7刀闸
29,35kV,2号主变35kV侧,302开关,交流开关,变位,,位置遥信,PSCADA分位/合位,一般遥信,是,302开关,302开关
30,35kV,2号主变35kV侧,302开关手车,交流刀闸,告知,,位置遥信,PSCADA分位/合位,一般遥信,是,302手车工作位置,302手车工作位置
31,35kV,2号主变35kV侧,302-2刀闸,交流刀闸,告知,,位置遥信,PSCADA分位/合位,一般遥信,是,302-2刀闸,302-2刀闸
32,10kV,2号主变10kV侧,202开关,交流开关,变位,,位置遥信,PSCADA分位/合位,一般遥信,是,202开关,202开关
33,10kV,2号主变10kV侧,202开关手车,交流刀闸,告知,,位置遥信,PSCADA分位/合位,一般遥信,是,202手车工作位置,202手车工作位置
34,35kV,35kV311备用线,311开关,交流开关,变位,,位置遥信,PSCADA分位/合位,一般遥信,是,311开关,311开关
35,35kV,35kV311备用线,311-27接地刀闸,接地刀闸,告知,,位置遥信,PSCADA分位/合位,一般遥信,是,311-27地刀,311-27地刀
36,35kV,35kV311备用线,311开关手车,交流刀闸,告知,,位置遥信,PSCADA分位/合位,一般遥信,是,311手车工作位置,311手车工作位置
37,35kV,35kV313备用线,313开关,交流开关,变位,,位置遥信,PSCADA分位/合位,一般遥信,是,313开关,313开关
38,35kV,35kV313备用线,313-27接地刀闸,接地刀闸,告知,,位置遥信,PSCADA分位/合位,一般遥信,是,313-27地刀,313-27地刀
39,35kV,35kV313备用线,313开关手车,交流刀闸,告知,,位置遥信,PSCADA分位/合位,一般遥信,是,313手车工作位置,313手车工作位置
40,35kV,35kV315备用线,315开关,交流开关,变位,,位置遥信,PSCADA分位/合位,一般遥信,是,315开关,315开关
41,35kV,35kV315备用线,315-27接地刀闸,接地刀闸,告知,,位置遥信,PSCADA分位/合位,一般遥信,是,315-27地刀,315-27地刀
42,35kV,35kV315备用线,315开关手车,交流刀闸,告知,,位置遥信,PSCADA分位/合位,一般遥信,是,315手车工作位置,315手车工作位置
43,35kV,35kV马营线,317开关,交流开关,变位,,位置遥信,PSCADA分位/合位,一般遥信,是,317开关,317开关
44,35kV,35kV马营线,317-27接地刀闸,接地刀闸,告知,,位置遥信,PSCADA分位/合位,一般遥信,是,317-27地刀,317-27地刀
45,35kV,35kV马营线,317开关手车,交流刀闸,告知,,位置遥信,PSCADA分位/合位,一般遥信,是,317手车工作位置,317手车工作位置
46,35kV,35kV马城线,312开关,交流开关,变位,,位置遥信,PSCADA分位/合位,一般遥信,是,312开关,312开关
47,35kV,35kV马城线,312-27接地刀闸,接地刀闸,告知,,位置遥信,PSCADA分位/合位,一般遥信,是,312-27地刀,312-27地刀
48,35kV,35kV马城线,312开关手车,交流刀闸,告知,,位置遥信,PSCADA分位/合位,一般遥信,是,312手车工作位置,312手车工作位置
49,35kV,35kV314备用线,314开关,交流开关,变位,,位置遥信,PSCADA分位/合位,一般遥信,是,314开关,314开关
50,35kV,35kV314备用线,314-27接地刀闸,接地刀闸,告知,,位置遥信,PSCADA分位/合位,一般遥信,是,314-27地刀,314-27地刀
51,35kV,35kV314备用线,314开关手车,交流刀闸,告知,,位置遥信,PSCADA分位/合位,一般遥信,是,314手车工作位置,314手车工作位置
52,35kV,35kV316备用线,316开关,交流开关,变位,,位置遥信,PSCADA分位/合位,一般遥信,是,316开关,316开关
53,35kV,35kV316备用线,316-27接地刀闸,接地刀闸,告知,,位置遥信,PSCADA分位/合位,一般遥信,是,316-27地刀,316-27地刀
54,35kV,35kV316备用线,316开关手车,交流刀闸,告知,,位置遥信,PSCADA分位/合位,一般遥信,是,316手车工作位置,316手车工作位置
55,35kV,35kV318备用线,318开关,交流开关,变位,,位置遥信,PSCADA分位/合位,一般遥信,是,318开关,318开关
56,35kV,35kV318备用线,318-27接地刀闸,接地刀闸,告知,,位置遥信,PSCADA分位/合位,一般遥信,是,318-27地刀,318-27地刀
57,35kV,35kV318备用线,318开关手车,交流刀闸,告知,,位置遥信,PSCADA分位/合位,一般遥信,是,318手车工作位置,318手车工作位置
58,35kV,35kV345分段,345开关,交流开关,变位,,位置遥信,PSCADA分位/合位,一般遥信,是,345母联开关,345母联开关
59,35kV,35kV345分段,345开关手车,交流刀闸,告知,,位置遥信,PSCADA分位/合位,一般遥信,是,345手车工作位置,345手车工作位置
60,35kV,35kV345分段,345-5刀闸,交流刀闸,告知,,位置遥信,PSCADA分位/合位,一般遥信,是,345-5刀闸,345-5刀闸
61,10kV,10kV圈宏线,151开关,交流开关,变位,,位置遥信,PSCADA分位/合位,一般遥信,是,151负荷开关,151负荷开关
62,10kV,10kV圈宏线,151-27接地刀闸,接地刀闸,告知,,位置遥信,PSCADA分位/合位,一般遥信,是,151-27地刀,151-27地刀
63,10kV,10kV圈宏线,151开关手车,交流刀闸,告知,,位置遥信,PSCADA分位/合位,一般遥信,是,151手车工作位置,151手车工作位置
64,10kV,10kV银海线,153开关,交流开关,变位,,位置遥信,PSCADA分位/合位,一般遥信,是,153负荷开关,153负荷开关
65,10kV,10kV银海线,153-27接地刀闸,接地刀闸,告知,,位置遥信,PSCADA分位/合位,一般遥信,是,153-27地刀,153-27地刀
66,10kV,10kV银海线,153开关手车,交流刀闸,告知,,位置遥信,PSCADA分位/合位,一般遥信,是,153手车工作位置,153手车工作位置
67,10kV,10kV落垡线,155开关,交流开关,变位,,位置遥信,PSCADA分位/合位,一般遥信,是,155负荷开关,155负荷开关
68,10kV,10kV落垡线,155-27接地刀闸,接地刀闸,告知,,位置遥信,PSCADA分位/合位,一般遥信,是,155-27地刀,155-27地刀
69,10kV,10kV落垡线,155开关手车,交流刀闸,告知,,位置遥信,PSCADA分位/合位,一般遥信,是,155手车工作位置,155手车工作位置
70,10kV,10kV157备用线,157开关,交流开关,变位,,位置遥信,PSCADA分位/合位,一般遥信,是,157负荷开关,157负荷开关
71,10kV,10kV157备用线,157-27接地刀闸,接地刀闸,告知,,位置遥信,PSCADA分位/合位,一般遥信,是,157-27地刀,157-27地刀
72,10kV,10kV157备用线,157开关手车,交流刀闸,告知,,位置遥信,PSCADA分位/合位,一般遥信,是,157手车工作位置,157手车工作位置
73,10kV,10kV奥朗斯线,159开关,交流开关,变位,,位置遥信,PSCADA分位/合位,一般遥信,是,159负荷开关,159负荷开关
74,10kV,10kV奥朗斯线,159-27接地刀闸,接地刀闸,告知,,位置遥信,PSCADA分位/合位,一般遥信,是,159-27地刀,159-27地刀
75,10kV,10kV奥朗斯线,159开关手车,交流刀闸,告知,,位置遥信,PSCADA分位/合位,一般遥信,是,159手车工作位置,159手车工作位置
76,10kV,10kV董标垡线,161开关,交流开关,变位,,位置遥信,PSCADA分位/合位,一般遥信,是,161负荷开关,161负荷开关
77,10kV,10kV董标垡线,161-27接地刀闸,接地刀闸,告知,,位置遥信,PSCADA分位/合位,一般遥信,是,161-27地刀,161-27地刀
78,10kV,10kV董标垡线,161开关手车,交流刀闸,告知,,位置遥信,PSCADA分位/合位,一般遥信,是,161手车工作位置,161手车工作位置
79,10kV,10kV150接地变,150开关,交流开关,变位,,位置遥信,PSCADA分位/合位,一般遥信,是,150负荷开关,150负荷开关
80,10kV,10kV150接地变,150-27接地刀闸,接地刀闸,告知,,位置遥信,PSCADA分位/合位,一般遥信,是,150-27地刀,150-27地刀
81,10kV,10kV150接地变,150开关手车,交流刀闸,告知,,位置遥信,PSCADA分位/合位,一般遥信,是,150手车工作位置,150手车工作位置
82,10kV,10kV165备用线,165开关,交流开关,变位,,位置遥信,PSCADA分位/合位,一般遥信,是,165负荷开关,165负荷开关
83,10kV,10kV165备用线,165-27接地刀闸,接地刀闸,告知,,位置遥信,PSCADA分位/合位,一般遥信,是,165-27地刀,165-27地刀
84,10kV,10kV165备用线,165开关手车,交流刀闸,告知,,位置遥信,PSCADA分位/合位,一般遥信,是,165手车工作位置,165手车工作位置
85,10kV,10kV马圈东线,152开关,交流开关,变位,,位置遥信,PSCADA分位/合位,一般遥信,是,152负荷开关,152负荷开关
86,10kV,10kV马圈东线,152-27接地刀闸,接地刀闸,告知,,位置遥信,PSCADA分位/合位,一般遥信,是,152-27地刀,152-27地刀
87,10kV,10kV马圈东线,152开关手车,交流刀闸,告知,,位置遥信,PSCADA分位/合位,一般遥信,是,152手车工作位置,152手车工作位置
88,10kV,10kV马圈西线,154开关,交流开关,变位,,位置遥信,PSCADA分位/合位,一般遥信,是,154负荷开关,154负荷开关
89,10kV,10kV马圈西线,154-27接地刀闸,接地刀闸,告知,,位置遥信,PSCADA分位/合位,一般遥信,是,154-27地刀,154-27地刀
90,10kV,10kV马圈西线,154开关手车,交流刀闸,告知,,位置遥信,PSCADA分位/合位,一般遥信,是,154手车工作位置,154手车工作位置
91,10kV,10kV和瑞园线,156开关,交流开关,变位,,位置遥信,PSCADA分位/合位,一般遥信,是,156负荷开关,156负荷开关
92,10kV,10kV和瑞园线,156-27接地刀闸,接地刀闸,告知,,位置遥信,PSCADA分位/合位,一般遥信,是,156-27地刀,156-27地刀
93,10kV,10kV和瑞园线,156开关手车,交流刀闸,告知,,位置遥信,PSCADA分位/合位,一般遥信,是,156手车工作位置,156手车工作位置
94,10kV,10kV汇利线,158开关,交流开关,变位,,位置遥信,PSCADA分位/合位,一般遥信,是,158负荷开关,158负荷开关
95,10kV,10kV汇利线,158-27接地刀闸,接地刀闸,告知,,位置遥信,PSCADA分位/合位,一般遥信,是,158-27地刀,158-27地刀
96,10kV,10kV汇利线,158开关手车,交流刀闸,告知,,位置遥信,PSCADA分位/合位,一般遥信,是,158手车工作位置,158手车工作位置
97,10kV,10kV162备用线,162开关,交流开关,变位,,位置遥信,PSCADA分位/合位,一般遥信,是,162负荷开关,162负荷开关
98,10kV,10kV162备用线,162-27接地刀闸,接地刀闸,告知,,位置遥信,PSCADA分位/合位,一般遥信,是,162-27地刀,162-27地刀
99,10kV,10kV162备用线,162开关手车,交流刀闸,告知,,位置遥信,PSCADA分位/合位,一般遥信,是,162手车工作位置,162手车工作位置
100,10kV,10kV颐西湖线,164开关,交流开关,变位,,位置遥信,PSCADA分位/合位,一般遥信,是,164负荷开关,164负荷开关
101,10kV,10kV颐西湖线,164-27接地刀闸,接地刀闸,告知,,位置遥信,PSCADA分位/合位,一般遥信,是,164-27地刀,164-27地刀
102,10kV,10kV颐西湖线,164开关手车,交流刀闸,告知,,位置遥信,PSCADA分位/合位,一般遥信,是,164手车工作位置,164手车工作位置
103,10kV,10kV160接地变,160开关,交流开关,变位,,位置遥信,PSCADA分位/合位,一般遥信,是,160负荷开关,160负荷开关
104,10kV,10kV160接地变,160-27接地刀闸,接地刀闸,告知,,位置遥信,PSCADA分位/合位,一般遥信,是,160-27地刀,160-27地刀
105,10kV,10kV160接地变,160开关手车,交流刀闸,告知,,位置遥信,PSCADA分位/合位,一般遥信,是,160手车工作位置,160手车工作位置
106,10kV,10kV168备用线,168开关,交流开关,变位,,位置遥信,PSCADA分位/合位,一般遥信,是,168负荷开关,168负荷开关
107,10kV,10kV168备用线,168-27接地刀闸,接地刀闸,告知,,位置遥信,PSCADA分位/合位,一般遥信,是,168-27地刀,168-27地刀
108,10kV,10kV168备用线,168开关手车,交流刀闸,告知,,位置遥信,PSCADA分位/合位,一般遥信,是,168手车工作位置,168手车工作位置
109,10kV,10kV2061电容器,2061开关,交流开关,变位,,位置遥信,PSCADA分位/合位,一般遥信,是,2061电容器开关,2061电容器开关
110,10kV,10kV2061电容器,2061-27接地刀闸,接地刀闸,告知,,位置遥信,PSCADA分位/合位,一般遥信,是,2061-27地刀,2061-27地刀
111,10kV,10kV2061电容器,2061开关手车,交流刀闸,告知,,位置遥信,PSCADA分位/合位,一般遥信,是,2061手车工作位置,2061手车工作位置
112,10kV,10kV2061电容器,2061-1刀闸,交流刀闸,告知,,位置遥信,PSCADA分位/合位,一般遥信,是,2061-1刀闸,2061-1刀闸
113,10kV,10kV2061电容器,2061-17接地刀闸,接地刀闸,告知,,位置遥信,PSCADA分位/合位,一般遥信,是,2061-17地刀,2061-17地刀
114,10kV,10kV2061电容器,2061-3刀闸,交流刀闸,告知,,位置遥信,PSCADA分位/合位,一般遥信,是,2061-3刀闸,2061-3刀闸
115,10kV,10kV2061电容器,2061-37接地刀闸,接地刀闸,告知,,位置遥信,PSCADA分位/合位,一般遥信,是,2061-37地刀,2061-37地刀
116,10kV,10kV2062电容器,2062开关,交流开关,变位,,位置遥信,PSCADA分位/合位,一般遥信,是,2062电容器开关,2062电容器开关
117,10kV,10kV2062电容器,2062-27接地刀闸,接地刀闸,告知,,位置遥信,PSCADA分位/合位,一般遥信,是,2062-27地刀,2062-27地刀
118,10kV,10kV2062电容器,2062开关手车,交流刀闸,告知,,位置遥信,PSCADA分位/合位,一般遥信,是,2062手车工作位置,2062手车工作位置
119,10kV,10kV2062电容器,2062-1刀闸,交流刀闸,告知,,位置遥信,PSCADA分位/合位,一般遥信,是,2062-1刀闸,2062-1刀闸
120,10kV,10kV2062电容器,2062-17接地刀闸,接地刀闸,告知,,位置遥信,PSCADA分位/合位,一般遥信,是,2062-17地刀,2062-17地刀
121,10kV,10kV2062电容器,2062-3刀闸,交流刀闸,告知,,位置遥信,PSCADA分位/合位,一般遥信,是,2062-3刀闸,2062-3刀闸
122,10kV,10kV2062电容器,2062-37接地刀闸,接地刀闸,告知,,位置遥信,PSCADA分位/合位,一般遥信,是,2062-37地刀,2062-37地刀
123,10kV,10kV2071电容器,2071开关,交流开关,变位,,位置遥信,PSCADA分位/合位,一般遥信,是,2071电容器开关,2071电容器开关
124,10kV,10kV2071电容器,2071-27接地刀闸,接地刀闸,告知,,位置遥信,PSCADA分位/合位,一般遥信,是,2071-27地刀,2071-27地刀
125,10kV,10kV2071电容器,2071开关手车,交流刀闸,告知,,位置遥信,PSCADA分位/合位,一般遥信,是,2071手车工作位置,2071手车工作位置
126,10kV,10kV2071电容器,2071-1刀闸,交流刀闸,告知,,位置遥信,PSCADA分位/合位,一般遥信,是,2071-1刀闸,2071-1刀闸
127,10kV,10kV2071电容器,2071-17接地刀闸,接地刀闸,告知,,位置遥信,PSCADA分位/合位,一般遥信,是,2071-17地刀,2071-17地刀
128,10kV,10kV2071电容器,2071-3刀闸,交流刀闸,告知,,位置遥信,PSCADA分位/合位,一般遥信,是,2071-3刀闸,2071-3刀闸
129,10kV,10kV2071电容器,2071-37接地刀闸,接地刀闸,告知,,位置遥信,PSCADA分位/合位,一般遥信,是,2071-37地刀,2071-37地刀
130,10kV,10kV2072电容器,2072开关,交流开关,变位,,位置遥信,PSCADA分位/合位,一般遥信,是,2072电容器开关,2072电容器开关
131,10kV,10kV2072电容器,2072-27接地刀闸,接地刀闸,告知,,位置遥信,PSCADA分位/合位,一般遥信,是,2072-27地刀,2072-27地刀
132,10kV,10kV2072电容器,2072开关手车,交流刀闸,告知,,位置遥信,PSCADA分位/合位,一般遥信,是,2072手车工作位置,2072手车工作位置
133,10kV,10kV2072电容器,2072-1刀闸,交流刀闸,告知,,位置遥信,PSCADA分位/合位,一般遥信,是,2072-1刀闸,2072-1刀闸
134,10kV,10kV2072电容器,2072-17接地刀闸,接地刀闸,告知,,位置遥信,PSCADA分位/合位,一般遥信,是,2072-17地刀,2072-17地刀
135,10kV,10kV2072电容器,2072-3刀闸,交流刀闸,告知,,位置遥信,PSCADA分位/合位,一般遥信,是,2072-3刀闸,2072-3刀闸
136,10kV,10kV2072电容器,2072-37接地刀闸,接地刀闸,告知,,位置遥信,PSCADA分位/合位,一般遥信,是,2072-37地刀,2072-37地刀
137,10kV,10kV245分段,245开关,交流开关,变位,,位置遥信,PSCADA分位/合位,一般遥信,是,245母联开关,245母联开关
138,10kV,10kV245分段,245开关手车,交流刀闸,告知,,位置遥信,PSCADA分位/合位,一般遥信,是,245手车工作位置,245手车工作位置
139,10kV,10kV245分段,245-5手车,交流刀闸,告知,,位置遥信,PSCADA分位/合位,一般遥信,是,245-5母联刀闸,245-5母联刀闸
140,10kV,10kV208站用变,208-0刀闸,交流刀闸,告知,,位置遥信,PSCADA分位/合位,一般遥信,是,208-0刀闸,208-0刀闸
141,10kV,10kV209站用变,209-0开关手车,交流刀闸,告知,,位置遥信,PSCADA分位/合位,一般遥信,是,209-0手车工作位置,209-0手车工作位置
142,10kV,10kV4母线,24-9PT开关手车,交流刀闸,告知,,位置遥信,PSCADA分位/合位,一般遥信,是,24-9PT手车工作位置,24-9PT手车工作位置
143,10kV,10kV5母线,25-9PT开关手车,交流刀闸,告知,,位置遥信,PSCADA分位/合位,一般遥信,是,25-9PT手车工作位置,25-9PT手车工作位置
144,35kV,35kV4母线,34-9PT开关手车,交流刀闸,告知,,位置遥信,PSCADA分位/合位,一般遥信,是,34-9PT手车工作位置,34-9PT手车工作位置
145,35kV,35kV5母线,35-9PT开关手车,交流刀闸,告知,,位置遥信,PSCADA分位/合位,一般遥信,是,35-9PT手车工作位置,35-9PT手车工作位置
146,110kV,110kV高马一线,111开关机构,辅助设备,告知,,,PSCADA远方/就地,一般遥信,是,111机构箱远方/就地,111机构箱远方/就地
147,110kV,110kV高马一线,111-2刀闸机构,辅助设备,告知,,,PSCADA远方/就地,一般遥信,是,111-2及-4机构箱远方/就地,111-2及-4机构箱远方/就地
148,110kV,110kV高马二线,112开关机构,辅助设备,告知,,,PSCADA远方/就地,一般遥信,是,112机构箱远方/就地,112机构箱远方/就地
149,110kV,110kV高马二线,112-2刀闸机构,辅助设备,告知,,,PSCADA远方/就地,一般遥信,是,112-2及-5机构箱远方/就地,112-2及-5机构箱远方/就地
150,110kV,110kV145分段,145开关机构,辅助设备,告知,,,PSCADA远方/就地,一般遥信,是,145机构箱远方/就地,145机构箱远方/就地
151,110kV,1号主变110kV侧,101-0刀闸机构,辅助设备,告知,,,PSCADA远方/就地,一般遥信,是,101-0机构箱远方/就地,101-0机构箱远方/就地
152,110kV,2号主变110kV侧,102-0刀闸机构,辅助设备,告知,,,PSCADA远方/就地,一般遥信,是,102-0机构箱远方/就地,102-0机构箱远方/就地
153,110kV,1号主变110kV侧,1-7刀闸机构,辅助设备,告知,,,PSCADA远方/就地,一般遥信,是,1-7机构箱远方/就地,1-7机构箱远方/就地
154,110kV,2号主变110kV侧,2-7刀闸机构,辅助设备,告知,,,PSCADA远方/就地,一般遥信,是,2-7机构箱远方/就地,2-7机构箱远方/就地
155,110kV,110kV高马一线,111测控,二次设备,告知,,,PSCADA远方/就地,一般遥信,是,111测控屏远方/就地,111测控屏远方/就地
156,110kV,110kV高马二线,112测控,二次设备,告知,,,PSCADA远方/就地,一般遥信,是,112测控屏远方/就地,112测控屏远方/就地
157,35kV,1号主变35kV侧,301测控,二次设备,告知,,,PSCADA远方/就地,一般遥信,是,301测控屏远方/就地,301测控屏远方/就地
158,10kV,1号主变10kV侧,201测控,二次设备,告知,,,PSCADA远方/就地,一般遥信,是,201测控屏远方/就地,201测控屏远方/就地
159,35kV,2号主变35kV侧,302测控,二次设备,告知,,,PSCADA远方/就地,一般遥信,是,302测控屏远方/就地,302测控屏远方/就地
160,10kV,2号主变10kV侧,202测控,二次设备,告知,,,PSCADA远方/就地,一般遥信,是,202测控屏远方/就地,202测控屏远方/就地
161,110kV,110kV145分段,145分段保护,二次设备,告知,,,PSCADA远方/就地,一般遥信,是,145测控屏远方/就地,145测控屏远方/就地
162,35kV,35kV345分段,345分段保护,二次设备,告知,,,PSCADA远方/就地,一般遥信,是,345测控屏远方/就地,345测控屏远方/就地
163,10kV,10kV245分段,245分段保护,二次设备,告知,,,PSCADA远方/就地,一般遥信,是,245测控屏远方/就地,245测控屏远方/就地
164,110kV,110kV高马一线,111开关机构,辅助设备,异常,,,PSCADA复归/告警,主设备异常告警,是,111-2电机保护空开跳闸,111-2电机保护空开跳闸
165,110kV,110kV高马一线,111开关机构,辅助设备,异常,,,PSCADA复归/告警,主设备异常告警,是,111-2电机控制回路带电,111-2电机控制回路带电
166,110kV,110kV高马一线,111开关机构,辅助设备,异常,,,PSCADA复归/告警,一般遥信,是,111-2及-17运行,111-2及-17运行
167,110kV,110kV高马一线,111开关机构,辅助设备,异常,,,PSCADA复归/告警,一般遥信,是,111线路侧有电,111线路侧有电
168,110kV,110kV高马一线,111开关机构,辅助设备,异常,,,PSCADA复归/告警,主设备异常告警,是,111-2控制回路保护空开跳闸,111-2控制回路保护空开跳闸
169,110kV,110kV高马一线,111开关机构,辅助设备,异常,,,PSCADA复归/告警,主设备异常告警,是,111控制回路断线,111控制回路断线
170,110kV,110kV高马一线,111开关机构,辅助设备,异常,,,PSCADA复归/告警,主设备异常告警,是,111加热照明空开保护跳闸,111加热照明空开保护跳闸
171,110kV,110kV高马一线,111开关机构,辅助设备,异常,,,PSCADA复归/告警,主设备异常告警,是,111加热器故障,111加热器故障
172,110kV,110kV高马一线,111开关机构,辅助设备,异常,,,PSCADA复归/告警,主设备异常告警,是,111SF6气体压力低报警,111SF6气体压力低报警
173,110kV,110kV高马一线,111开关机构,辅助设备,异常,,,PSCADA复归/告警,主设备异常告警,是,111SF6气体压力低闭锁,111SF6气体压力低闭锁
174,110kV,110kV高马一线,111开关机构,辅助设备,异常,,,PSCADA已储能/未储能,主设备异常告警,是,111弹簧未储能,111弹簧未储能
175,110kV,110kV高马一线,111开关机构,辅助设备,异常,,,PSCADA复归/告警,主设备异常告警,是,111电机保护开关跳闸,111电机保护开关跳闸
176,110kV,110kV高马一线,111开关机构,辅助设备,异常,,,PSCADA复归/告警,主设备异常告警,是,111-4电机保护空开跳闸,111-4电机保护空开跳闸
177,110kV,110kV高马一线,111开关机构,辅助设备,异常,,,PSCADA复归/告警,主设备异常告警,是,111-4电机控制回路带电,111-4电机控制回路带电
178,110kV,110kV高马一线,111开关机构,辅助设备,异常,,,PSCADA复归/告警,一般遥信,是,111-4及-47运行,111-4及-47运行
179,110kV,110kV高马一线,111开关机构,辅助设备,异常,,,PSCADA复归/告警,主设备异常告警,是,111-4控制回路保护空开跳闸,111-4控制回路保护空开跳闸
180,110kV,110kV高马二线,112开关机构,辅助设备,异常,,,PSCADA复归/告警,主设备异常告警,是,112-2电机保护空开跳闸,112-2电机保护空开跳闸
181,110kV,110kV高马二线,112开关机构,辅助设备,异常,,,PSCADA复归/告警,主设备异常告警,是,112-2电机控制回路带电,112-2电机控制回路带电
182,110kV,110kV高马二线,112开关机构,辅助设备,异常,,,PSCADA复归/告警,一般遥信,是,112-2及-17运行,112-2及-17运行
183,110kV,110kV高马二线,112开关机构,辅助设备,异常,,,PSCADA复归/告警,一般遥信,是,112线路侧有电,112线路侧有电
184,110kV,110kV高马二线,112开关机构,辅助设备,异常,,,PSCADA复归/告警,主设备异常告警,是,112-2控制回路保护空开跳闸,112-2控制回路保护空开跳闸
185,110kV,110kV高马二线,112开关机构,辅助设备,异常,,,PSCADA复归/告警,主设备异常告警,是,112控制回路断线,112控制回路断线
186,110kV,110kV高马二线,112开关机构,辅助设备,异常,,,PSCADA复归/告警,主设备异常告警,是,112加热照明空开保护跳闸,112加热照明空开保护跳闸
187,110kV,110kV高马二线,112开关机构,辅助设备,异常,,,PSCADA复归/告警,主设备异常告警,是,112加热器故障,112加热器故障
188,110kV,110kV高马二线,112开关机构,辅助设备,异常,,,PSCADA复归/告警,主设备异常告警,是,112SF6气体压力低报警,112SF6气体压力低报警
189,110kV,110kV高马二线,112开关机构,辅助设备,异常,,,PSCADA复归/告警,主设备异常告警,是,112SF6气体压力低闭锁,112SF6气体压力低闭锁
190,110kV,110kV高马二线,112开关机构,辅助设备,异常,,,PSCADA已储能/未储能,主设备异常告警,是,112弹簧未储能,112弹簧未储能
191,110kV,110kV高马二线,112开关机构,辅助设备,异常,,,PSCADA复归/告警,主设备异常告警,是,112电机保护开关跳闸,112电机保护开关跳闸
192,110kV,110kV高马二线,112开关机构,辅助设备,异常,,,PSCADA复归/告警,主设备异常告警,是,112-5电机保护空开跳闸,112-5电机保护空开跳闸
193,110kV,110kV高马二线,112开关机构,辅助设备,异常,,,PSCADA复归/告警,主设备异常告警,是,112-5电机控制回路带电,112-5电机控制回路带电
194,110kV,110kV高马二线,112开关机构,辅助设备,异常,,,PSCADA复归/告警,一般遥信,是,112-5及-57运行,112-5及-57运行
195,110kV,110kV高马二线,112开关机构,辅助设备,异常,,,PSCADA复归/告警,主设备异常告警,是,112-5控制回路保护空开跳闸,112-5控制回路保护空开跳闸
196,110kV,110kV145分段,145开关机构,辅助设备,异常,,,PSCADA复归/告警,主设备异常告警,是,145-5电机保护开关跳闸,145-5电机保护开关跳闸
197,110kV,110kV145分段,145开关机构,辅助设备,异常,,,PSCADA复归/告警,主设备异常告警,是,145-5电机控制回路带电,145-5电机控制回路带电
198,110kV,110kV145分段,145开关机构,辅助设备,异常,,,PSCADA复归/告警,一般遥信,是,145-5运行,145-5运行
199,110kV,110kV145分段,145开关机构,辅助设备,异常,,,PSCADA复归/告警,主设备异常告警,是,145-5控制回路保护空开跳闸,145-5控制回路保护空开跳闸
200,110kV,110kV145分段,145开关机构,辅助设备,异常,,,PSCADA复归/告警,主设备异常告警,是,145-4电机保护开关跳闸,145-4电机保护开关跳闸
201,110kV,110kV145分段,145开关机构,辅助设备,异常,,,PSCADA复归/告警,主设备异常告警,是,145-4电机控制回路带电,145-4电机控制回路带电
202,110kV,110kV145分段,145开关机构,辅助设备,异常,,,PSCADA复归/告警,一般遥信,是,145-4运行,145-4运行
203,110kV,110kV145分段,145开关机构,辅助设备,异常,,,PSCADA复归/告警,主设备异常告警,是,145-4控制回路保护空开跳闸,145-4控制回路保护空开跳闸
204,110kV,110kV145分段,145分段保护,二次设备,变位,,,PSCADA退出/投入,软压板,是,110kV备自投145自投投入,110kV备自投145自投投入
205,110kV,110kV145分段,145分段保护,二次设备,变位,,,PSCADA退出/投入,软压板,是,110kV备自投145互投投入,110kV备自投145互投投入
206,110kV,110kV145分段,145分段保护,二次设备,事故,,,PSCADA复归/动作,保护事件,是,110kV145备自投动作,110kV145备自投动作
207,110kV,110kV145分段,145分段保护,二次设备,事故,,,PSCADA复归/动作,保护事件,是,110kV备投145自投跳电源1-111,110kV备投145自投跳电源1-111
208,110kV,110kV145分段,145分段保护,二次设备,事故,,,PSCADA复归/动作,保护事件,是,110kV备投145自投跳电源2-112,110kV备投145自投跳电源2-112
209,110kV,110kV145分段,145分段保护,二次设备,事故,,,PSCADA复归/动作,保护事件,是,110kV备投145自投合电源1-111,110kV备投145自投合电源1-111
210,110kV,110kV145分段,145分段保护,二次设备,事故,,,PSCADA复归/动作,保护事件,是,110kV备投145自投合电源2-112,110kV备投145自投合电源2-112
211,110kV,110kV145分段,145分段保护,二次设备,事故,,,PSCADA复归/动作,保护事件,是,110kV备投145自投合分段145,110kV备投145自投合分段145
212,110kV,110kV145分段,145分段保护,二次设备,事故,,,PSCADA复归/动作,保护事件,是,110kV备投145过流加速动作,110kV备投145过流加速动作
213,110kV,110kV145分段,145分段保护,二次设备,异常,,,PSCADA复归/告警,二次设备异常告警,是,110kV备投145装置报警,110kV备投145装置报警
214,110kV,110kV145分段,145开关机构,辅助设备,异常,,,PSCADA已储能/未储能,主设备异常告警,是,110kV备投145弹簧未储能,110kV备投145弹簧未储能
215,110kV,110kV145分段,145开关机构,辅助设备,异常,,,PSCADA复归/告警,主设备异常告警,是,110kV备投145控制回路断线,110kV备投145控制回路断线
216,110kV,110kV145分段,145分段保护,二次设备,异常,,,PSCADA复归/告警,主设备异常告警,是,110kV备投145自投总闭锁,110kV备投145自投总闭锁
217,110kV,110kV145分段,145分段保护,二次设备,异常,,,PSCADA复归/告警,主设备异常告警,是,110kV备投145I母PT断线,110kV备投145I母PT断线
218,110kV,110kV145分段,145分段保护,二次设备,异常,,,PSCADA复归/告警,主设备异常告警,是,110kV备投145II母PT断线,110kV备投145II母PT断线
219,110kV,110kV145分段,145分段保护,二次设备,异常,,,PSCADA放电/已充电,一般遥信,是,110kV备投145自投方式1充电,110kV备投145自投方式1充电
220,110kV,110kV145分段,145分段保护,二次设备,异常,,,PSCADA放电/已充电,一般遥信,是,110kV备投145自投方式2充电,110kV备投145自投方式2充电
221,110kV,110kV145分段,145分段保护,二次设备,异常,,,PSCADA放电/已充电,一般遥信,是,110kV备投145自投方式3充电,110kV备投145自投方式3充电
222,110kV,110kV145分段,145分段保护,二次设备,异常,,,PSCADA放电/已充电,一般遥信,是,110kV备投145自投方式4充电,110kV备投145自投方式4充电
223,110kV,110kV145分段,145开关机构,辅助设备,异常,,,PSCADA复归/告警,主设备异常告警,是,110kV备投145加热照明空开跳闸,110kV备投145加热照明空开跳闸
224,110kV,110kV145分段,145开关机构,辅助设备,异常,,,PSCADA复归/告警,主设备异常告警,是,110kV备投145加热器故障,110kV备投145加热器故障
225,110kV,110kV145分段,145开关机构,辅助设备,异常,,,PSCADA复归/告警,主设备异常告警,是,145SF6压力低报警,145SF6压力低报警
226,110kV,110kV145分段,145开关机构,辅助设备,异常,,,PSCADA复归/告警,主设备异常告警,是,145SF6压力低闭锁,145SF6压力低闭锁
227,110kV,110kV145分段,145开关机构,辅助设备,异常,,,PSCADA复归/告警,主设备异常告警,是,145电机保护空开跳闸,145电机保护空开跳闸
228,110kV,1号主变公用,1号主变保护I,二次设备,告知,,,PSCADA退出/投入,一般遥信,是,#1主变保护I低压侧电压退出,#1主变保护I低压侧电压退出
229,110kV,1号主变公用,1号主变保护I,二次设备,告知,,,PSCADA退出/投入,一般遥信,是,#1主变保护I中压侧电压退出,#1主变保护I中压侧电压退出
230,110kV,1号主变公用,1号主变保护I,二次设备,告知,,,PSCADA退出/投入,一般遥信,是,#1主变保护I高压侧电压退出,#1主变保护I高压侧电压退出
231,110kV,1号主变公用,1号主变保护I,二次设备,事故,,,PSCADA复归/动作,保护事件,是,#1主变保护I差动速断,#1主变保护I差动速断
232,110kV,1号主变公用,1号主变保护I,二次设备,事故,,,PSCADA复归/动作,保护事件,是,#1主变保护I比率差动,#1主变保护I比率差动
233,110kV,1号主变公用,1号主变保护I,二次设备,事故,,,PSCADA复归/动作,保护事件,是,#1主变保护I高压侧过流I段第一时限,#1主变保护I高压侧过流I段第一时限
234,110kV,1号主变公用,1号主变保护I,二次设备,事故,,,PSCADA复归/动作,保护事件,是,#1主变保护I高压侧零序过流III段第一时限,#1主变保护I高压侧零序过流III段第一时限
235,110kV,1号主变公用,1号主变保护I,二次设备,事故,,,PSCADA复归/动作,保护事件,是,#1主变保护I高压侧零序过压第一时限,#1主变保护I高压侧零序过压第一时限
236,110kV,1号主变公用,1号主变保护I,二次设备,事故,,,PSCADA复归/动作,保护事件,是,#1主变保护I高压侧间隙零序过流第一时限,#1主变保护I高压侧间隙零序过流第一时限
237,110kV,1号主变公用,1号主变保护I,二次设备,异常,,,PSCADA复归/告警,二次设备异常告警,是,#1主变保护I高压侧过负荷I段,#1主变保护I高压侧过负荷I段
238,110kV,1号主变公用,1号主变保护I,二次设备,异常,,,PSCADA复归/告警,二次设备异常告警,是,#1主变保护I高压侧过载闭锁调压,#1主变保护I高压侧过载闭锁调压
239,110kV,1号主变公用,1号主变保护I,二次设备,事故,,,PSCADA复归/动作,保护事件,是,#1主变保护I中压侧过流I段第一时限,#1主变保护I中压侧过流I段第一时限
240,110kV,1号主变公用,1号主变保护I,二次设备,异常,,,PSCADA复归/告警,二次设备异常告警,是,#1主变保护I中压侧过负荷I段,#1主变保护I中压侧过负荷I段
241,110kV,1号主变公用,1号主变保护I,二次设备,事故,,,PSCADA复归/动作,保护事件,是,#1主变保护I低压侧过流I段第一时限,#1主变保护I低压侧过流I段第一时限
242,110kV,1号主变公用,1号主变保护I,二次设备,事故,,,PSCADA复归/动作,保护事件,是,#1主变保护I低压侧过流II段第一时限,#1主变保护I低压侧过流II段第一时限
243,110kV,1号主变公用,1号主变保护I,二次设备,异常,,,PSCADA复归/告警,二次设备异常告警,是,#1主变保护I低压侧过负荷,#1主变保护I低压侧过负荷
244,110kV,1号主变公用,1号主变保护I,二次设备,异常,,,PSCADA复归/告警,二次设备异常告警,是,#1主变保护I高压侧1支路TA异常,#1主变保护I高压侧1支路TA异常
245,110kV,1号主变公用,1号主变保护I,二次设备,异常,,,PSCADA复归/告警,二次设备异常告警,是,#1主变保护I高压侧2支路TA异常,#1主变保护I高压侧2支路TA异常
246,110kV,1号主变公用,1号主变保护I,二次设备,异常,,,PSCADA复归/告警,二次设备异常告警,是,#1主变保护I中压侧TA异常,#1主变保护I中压侧TA异常
247,110kV,1号主变公用,1号主变保护I,二次设备,异常,,,PSCADA复归/告警,二次设备异常告警,是,#1主变保护I低压侧TA异常,#1主变保护I低压侧TA异常
248,110kV,1号主变公用,1号主变保护I,二次设备,异常,,,PSCADA复归/告警,二次设备异常告警,是,#1主变保护I高压侧TV异常,#1主变保护I高压侧TV异常
249,110kV,1号主变公用,1号主变保护I,二次设备,异常,,,PSCADA复归/告警,二次设备异常告警,是,#1主变保护I中压侧TV异常,#1主变保护I中压侧TV异常
250,110kV,1号主变公用,1号主变保护I,二次设备,异常,,,PSCADA复归/告警,二次设备异常告警,是,#1主变保护I低压侧TV异常,#1主变保护I低压侧TV异常
251,110kV,1号主变公用,1号主变保护I,二次设备,异常,,,PSCADA复归/告警,二次设备异常告警,是,#1主变保护I高压侧复压启动,#1主变保护I高压侧复压启动
252,110kV,1号主变公用,1号主变保护I,二次设备,异常,,,PSCADA复归/告警,二次设备异常告警,是,#1主变保护I中压侧复压启动,#1主变保护I中压侧复压启动
253,110kV,1号主变公用,1号主变保护I,二次设备,异常,,,PSCADA复归/告警,二次设备异常告警,是,#1主变保护I低压侧复压启动,#1主变保护I低压侧复压启动
254,110kV,1号主变公用,1号主变保护II,二次设备,告知,,,PSCADA退出/投入,一般遥信,是,#1主变保护II低压侧电压退出,#1主变保护II低压侧电压退出
255,110kV,1号主变公用,1号主变保护II,二次设备,告知,,,PSCADA退出/投入,一般遥信,是,#1主变保护II中压侧电压退出,#1主变保护II中压侧电压退出
256,110kV,1号主变公用,1号主变保护II,二次设备,告知,,,PSCADA退出/投入,一般遥信,是,#1主变保护II高压侧电压退出,#1主变保护II高压侧电压退出
257,110kV,1号主变公用,1号主变保护II,二次设备,事故,,,PSCADA复归/动作,保护事件,是,#1主变保护II差动速断,#1主变保护II差动速断
258,110kV,1号主变公用,1号主变保护II,二次设备,事故,,,PSCADA复归/动作,保护事件,是,#1主变保护II比率差动,#1主变保护II比率差动
259,110kV,1号主变公用,1号主变保护II,二次设备,事故,,,PSCADA复归/动作,保护事件,是,#1主变保护II高压侧过流I段第一时限,#1主变保护II高压侧过流I段第一时限
260,110kV,1号主变公用,1号主变保护II,二次设备,事故,,,PSCADA复归/动作,保护事件,是,#1主变保护II高压侧零序过流III段第一时限,#1主变保护II高压侧零序过流III段第一时限
261,110kV,1号主变公用,1号主变保护II,二次设备,事故,,,PSCADA复归/动作,保护事件,是,#1主变保护II高压侧零序过压第一时限,#1主变保护II高压侧零序过压第一时限
262,110kV,1号主变公用,1号主变保护II,二次设备,事故,,,PSCADA复归/动作,保护事件,是,#1主变保护II高压侧间隙零序过流第一时限,#1主变保护II高压侧间隙零序过流第一时限
263,110kV,1号主变公用,1号主变保护II,二次设备,异常,,,PSCADA复归/告警,二次设备异常告警,是,#1主变保护II高压侧过负荷I段,#1主变保护II高压侧过负荷I段
264,110kV,1号主变公用,1号主变保护II,二次设备,异常,,,PSCADA复归/告警,二次设备异常告警,是,#1主变保护II高压侧过载闭锁调压,#1主变保护II高压侧过载闭锁调压
265,110kV,1号主变公用,1号主变保护II,二次设备,事故,,,PSCADA复归/动作,保护事件,是,#1主变保护II中压侧过流I段第一时限,#1主变保护II中压侧过流I段第一时限
266,110kV,1号主变公用,1号主变保护II,二次设备,异常,,,PSCADA复归/告警,二次设备异常告警,是,#1主变保护II中压侧过负荷I段,#1主变保护II中压侧过负荷I段
267,110kV,1号主变公用,1号主变保护II,二次设备,事故,,,PSCADA复归/动作,保护事件,是,#1主变保护II低压侧过流I段第一时限,#1主变保护II低压侧过流I段第一时限
268,110kV,1号主变公用,1号主变保护II,二次设备,事故,,,PSCADA复归/动作,保护事件,是,#1主变保护II低压侧过流II段第一时限,#1主变保护II低压侧过流II段第一时限
269,110kV,1号主变公用,1号主变保护II,二次设备,异常,,,PSCADA复归/告警,二次设备异常告警,是,#1主变保护II低压侧过负荷,#1主变保护II低压侧过负荷
270,110kV,1号主变公用,1号主变保护II,二次设备,异常,,,PSCADA复归/告警,二次设备异常告警,是,#1主变保护II高压侧1支路TA异常,#1主变保护II高压侧1支路TA异常
271,110kV,1号主变公用,1号主变保护II,二次设备,异常,,,PSCADA复归/告警,二次设备异常告警,是,#1主变保护II高压侧2支路TA异常,#1主变保护II高压侧2支路TA异常
272,110kV,1号主变公用,1号主变保护II,二次设备,异常,,,PSCADA复归/告警,二次设备异常告警,是,#1主变保护II中压侧TA异常,#1主变保护II中压侧TA异常
273,110kV,1号主变公用,1号主变保护II,二次设备,异常,,,PSCADA复归/告警,二次设备异常告警,是,#1主变保护II低压侧TA异常,#1主变保护II低压侧TA异常
274,110kV,1号主变公用,1号主变保护II,二次设备,异常,,,PSCADA复归/告警,二次设备异常告警,是,#1主变保护II高压侧TV异常,#1主变保护II高压侧TV异常
275,110kV,1号主变公用,1号主变保护II,二次设备,异常,,,PSCADA复归/告警,二次设备异常告警,是,#1主变保护II中压侧TV异常,#1主变保护II中压侧TV异常
276,110kV,1号主变公用,1号主变保护II,二次设备,异常,,,PSCADA复归/告警,二次设备异常告警,是,#1主变保护II低压侧TV异常,#1主变保护II低压侧TV异常
277,110kV,1号主变公用,1号主变保护II,二次设备,异常,,,PSCADA复归/告警,二次设备异常告警,是,#1主变保护II高压侧复压启动,#1主变保护II高压侧复压启动
278,110kV,1号主变公用,1号主变保护II,二次设备,异常,,,PSCADA复归/告警,二次设备异常告警,是,#1主变保护II中压侧复压启动,#1主变保护II中压侧复压启动
279,110kV,1号主变公用,1号主变保护II,二次设备,异常,,,PSCADA复归/告警,二次设备异常告警,是,#1主变保护II低压侧复压启动,#1主变保护II低压侧复压启动
280,110kV,1号主变公用,1号主变保护I,二次设备,事故,,,PSCADA复归/动作,保护事件,是,#1主变保护I高后备动作,#1主变保护I高后备动作
281,110kV,1号主变公用,1号主变保护I,二次设备,事故,,,PSCADA复归/动作,保护事件,是,#1主变保护I中后备动作,#1主变保护I中后备动作
282,110kV,1号主变公用,1号主变保护I,二次设备,事故,,,PSCADA复归/动作,保护事件,是,#1主变保护I低后备动作,#1主变保护I低后备动作
283,110kV,1号主变公用,1号主变保护I,二次设备,异常,,,PSCADA复归/告警,二次设备异常告警,是,#1主变保护I装置报警,#1主变保护I装置报警
284,110kV,1号主变公用,1号主变机构,辅助设备,异常,,,PSCADA复归/告警,主设备异常告警,是,#1主变本体油位低,#1主变本体油位低
285,110kV,1号主变公用,1号主变机构,辅助设备,异常,,,PSCADA复归/告警,主设备异常告警,是,#1主变本体油位高,#1主变本体油位高
286,110kV,1号主变公用,1号主变机构,辅助设备,异常,,,PSCADA复归/告警,主设备异常告警,是,#1主变有载油位低,#1主变有载油位低
287,110kV,1号主变公用,1号主变机构,辅助设备,异常,,,PSCADA复归/告警,主设备异常告警,是,#1主变有载油位高,#1主变有载油位高
288,110kV,1号主变公用,1号主变机构,辅助设备,异常,,,PSCADA复归/告警,主设备异常告警,是,#1主变本体轻瓦斯,#1主变本体轻瓦斯
289,110kV,1号主变公用,1号主变机构,辅助设备,异常,,,PSCADA复归/告警,主设备异常告警,是,#1主变有载轻瓦斯,#1主变有载轻瓦斯
290,110kV,1号主变公用,1号主变机构,辅助设备,事故,,,PSCADA复归/告警,主设备异常告警,是,#1主变本体重瓦斯,#1主变本体重瓦斯
291,110kV,1号主变公用,1号主变机构,辅助设备,事故,,,PSCADA复归/告警,主设备异常告警,是,#1主变有载重瓦斯,#1主变有载重瓦斯
292,110kV,1号主变公用,1号主变机构,辅助设备,事故,,,PSCADA复归/告警,主设备异常告警,是,#1主变压力释放,#1主变压力释放
293,110kV,1号主变公用,1号主变机构,辅助设备,事故,,,PSCADA复归/告警,主设备异常告警,是,#1主变油温高,#1主变油温高
294,110kV,1号主变公用,1号主变本体测控,二次设备,异常,,,PSCADA复归/告警,二次设备故障告警,是,#1主变本体测控装置失电,#1主变本体测控装置失电
295,110kV,1号主变公用,1号主变本体测控,二次设备,异常,,,PSCADA复归/告警,二次设备异常告警,是,#1主变本体测控装置告警,#1主变本体测控装置告警
296,110kV,1号主变公用,1号主变保护I,二次设备,事故,,,PSCADA复归/动作,保护事件,是,#1主变保护I差动动作,#1主变保护I差动动作
297,110kV,1号主变公用,1号主变保护I,二次设备,异常,,,PSCADA复归/告警,二次设备异常告警,是,#1主变保护I装置闭锁,#1主变保护I装置闭锁
298,110kV,1号主变公用,1号主变保护II,二次设备,事故,,,PSCADA复归/动作,保护事件,是,#1主变保护II差动动作,#1主变保护II差动动作
299,110kV,1号主变公用,1号主变保护II,二次设备,异常,,,PSCADA复归/告警,二次设备异常告警,是,#1主变保护II装置闭锁,#1主变保护II装置闭锁
300,110kV,1号主变公用,1号主变保护II,二次设备,事故,,,PSCADA复归/动作,保护事件,是,#1主变保护II高后备动作,#1主变保护II高后备动作
301,110kV,1号主变公用,1号主变保护II,二次设备,事故,,,PSCADA复归/动作,保护事件,是,#1主变保护II中后备动作,#1主变保护II中后备动作
302,110kV,1号主变公用,1号主变保护II,二次设备,事故,,,PSCADA复归/动作,保护事件,是,#1主变保护II低后备动作,#1主变保护II低后备动作
303,110kV,1号主变公用,1号主变保护II,二次设备,异常,,,PSCADA复归/告警,二次设备异常告警,是,#1主变保护II装置报警,#1主变保护II装置报警
304,35kV,1号主变35kV侧,301开关机构,辅助设备,异常,,,PSCADA复归/告警,主设备异常告警,是,301储能电源跳闸,301储能电源跳闸
305,35kV,1号主变35kV侧,301开关机构,辅助设备,异常,,,PSCADA复归/告警,主设备异常告警,是,301开关室加热器动作,301开关室加热器动作
306,35kV,1号主变35kV侧,301开关机构,辅助设备,异常,,,PSCADA复归/告警,主设备异常告警,是,301电缆室加热器动作,301电缆室加热器动作
307,35kV,1号主变35kV侧,301开关机构,辅助设备,异常,,,PSCADA复归/告警,主设备异常告警,是,301电缆室/开关室加热器故障,301电缆室/开关室加热器故障
308,35kV,1号主变35kV侧,301开关机构,辅助设备,异常,,,PSCADA已储能/未储能,主设备异常告警,是,301弹簧未储能,301弹簧未储能
309,35kV,1号主变35kV侧,301开关机构,辅助设备,异常,,,PSCADA复归/告警,主设备异常告警,是,301SF6压力低报警,301SF6压力低报警
310,35kV,1号主变35kV侧,301开关机构,辅助设备,异常,,,PSCADA复归/告警,主设备异常告警,是,301SF6压力低闭锁,301SF6压力低闭锁
311,10kV,1号主变10kV侧,201开关机构,辅助设备,异常,,,PSCADA复归/告警,主设备异常告警,是,201储能电源跳闸,201储能电源跳闸
312,10kV,1号主变10kV侧,201开关机构,辅助设备,异常,,,PSCADA复归/告警,主设备异常告警,是,201电缆室/开关室加热器故障,201电缆室/开关室加热器故障
313,10kV,1号主变10kV侧,201开关机构,辅助设备,异常,,,PSCADA已储能/未储能,主设备异常告警,是,201弹簧未储能,201弹簧未储能
314,35kV,1号主变35kV侧,301开关机构,辅助设备,异常,,,PSCADA复归/告警,主设备异常告警,是,301控制回路断线,301控制回路断线
315,10kV,1号主变10kV侧,201开关机构,辅助设备,异常,,,PSCADA复归/告警,主设备异常告警,是,201控制回路断线,201控制回路断线
316,110kV,1号主变公用,1号主变机构,辅助设备,异常,,,PSCADA复归/告警,主设备异常告警,是,1#变调压空开位置,1#变调压空开位置
317,110kV,1号主变公用,1号主变机构,辅助设备,异常,,,PSCADA复归/告警,主设备异常告警,是,1#滤油压差报警,1#滤油压差报警
318,110kV,1号主变公用,1号主变机构,辅助设备,告知,,,PSCADA复归/动作,一般遥信,是,#1主变档位1,#1主变档位1
319,110kV,1号主变公用,1号主变机构,辅助设备,告知,,,PSCADA复归/动作,一般遥信,是,#1主变档位2,#1主变档位2
320,110kV,1号主变公用,1号主变机构,辅助设备,告知,,,PSCADA复归/动作,一般遥信,是,#1主变档位3,#1主变档位3
321,110kV,1号主变公用,1号主变机构,辅助设备,告知,,,PSCADA复归/动作,一般遥信,是,#1主变档位4,#1主变档位4
322,110kV,1号主变公用,1号主变机构,辅助设备,告知,,,PSCADA复归/动作,一般遥信,是,#1主变档位5,#1主变档位5
323,110kV,1号主变公用,1号主变机构,辅助设备,告知,,,PSCADA复归/动作,一般遥信,是,#1主变档位6,#1主变档位6
324,110kV,1号主变公用,1号主变机构,辅助设备,告知,,,PSCADA复归/动作,一般遥信,是,#1主变档位7,#1主变档位7
325,110kV,1号主变110kV侧,1号主变高压测控,二次设备,异常,,,PSCADA复归/告警,二次设备异常告警,是,#1主变测控装置1闭锁,#1主变测控装置1闭锁
326,35kV,1号主变35kV侧,1号主变中压测控,二次设备,异常,,,PSCADA复归/告警,二次设备异常告警,是,#1主变中压侧测控装置2闭锁,#1主变中压侧测控装置2闭锁
327,10kV,1号主变10kV侧,1号主变低压测控,二次设备,异常,,,PSCADA复归/告警,二次设备异常告警,是,#1主变测控装置3闭锁,#1主变测控装置3闭锁
328,110kV,1号主变公用,1号主变低周保护,二次设备,事故,,,PSCADA复归/动作,保护事件,是,#1主变低周装置动作,#1主变低周装置动作
329,110kV,1号主变公用,1号主变低周保护,二次设备,异常,,,PSCADA复归/告警,二次设备异常告警,是,#1主变低周装置闭锁,#1主变低周装置闭锁
330,110kV,1号主变公用,1号主变低周保护,二次设备,异常,,,PSCADA复归/告警,二次设备异常告警,是,1#低周装置异常,1#低周装置异常
331,110kV,2号主变公用,2号主变保护I,二次设备,告知,,,PSCADA退出/投入,一般遥信,是,#2主变保护I低压侧电压退出,#2主变保护I低压侧电压退出
332,110kV,2号主变公用,2号主变保护I,二次设备,告知,,,PSCADA退出/投入,一般遥信,是,#2主变保护I中压侧电压退出,#2主变保护I中压侧电压退出
333,110kV,2号主变公用,2号主变保护I,二次设备,告知,,,PSCADA退出/投入,一般遥信,是,#2主变保护I高压侧电压退出,#2主变保护I高压侧电压退出
334,110kV,2号主变公用,2号主变保护I,二次设备,事故,,,PSCADA复归/动作,保护事件,是,#2主变保护I差动速断,#2主变保护I差动速断
335,110kV,2号主变公用,2号主变保护I,二次设备,事故,,,PSCADA复归/动作,保护事件,是,#2主变保护I比率差动,#2主变保护I比率差动
336,110kV,2号主变公用,2号主变保护I,二次设备,事故,,,PSCADA复归/动作,保护事件,是,#2主变保护I高压侧过流I段第一时限,#2主变保护I高压侧过流I段第一时限
337,110kV,2号主变公用,2号主变保护I,二次设备,事故,,,PSCADA复归/动作,保护事件,是,#2主变保护I高压侧零序过流III段第一时限,#2主变保护I高压侧零序过流III段第一时限
338,110kV,2号主变公用,2号主变保护I,二次设备,事故,,,PSCADA复归/动作,保护事件,是,#2主变保护I高压侧零序过压第一时限,#2主变保护I高压侧零序过压第一时限
339,110kV,2号主变公用,2号主变保护I,二次设备,事故,,,PSCADA复归/动作,保护事件,是,#2主变保护I高压侧间隙零序过流第一时限,#2主变保护I高压侧间隙零序过流第一时限
340,110kV,2号主变公用,2号主变保护I,二次设备,异常,,,PSCADA复归/告警,二次设备异常告警,是,#2主变保护I高压侧过负荷I段,#2主变保护I高压侧过负荷I段
341,110kV,2号主变公用,2号主变保护I,二次设备,异常,,,PSCADA复归/告警,二次设备异常告警,是,#2主变保护I高压侧过载闭锁调压,#2主变保护I高压侧过载闭锁调压
342,110kV,2号主变公用,2号主变保护I,二次设备,事故,,,PSCADA复归/动作,保护事件,是,#2主变保护I中压侧过流I段第一时限,#2主变保护I中压侧过流I段第一时限
343,110kV,2号主变公用,2号主变保护I,二次设备,异常,,,PSCADA复归/告警,二次设备异常告警,是,#2主变保护I中压侧过负荷I段,#2主变保护I中压侧过负荷I段
344,110kV,2号主变公用,2号主变保护I,二次设备,事故,,,PSCADA复归/动作,保护事件,是,#2主变保护I低压侧过流I段第一时限,#2主变保护I低压侧过流I段第一时限
345,110kV,2号主变公用,2号主变保护I,二次设备,事故,,,PSCADA复归/动作,保护事件,是,#2主变保护I低压侧过流II段第一时限,#2主变保护I低压侧过流II段第一时限
346,110kV,2号主变公用,2号主变保护I,二次设备,异常,,,PSCADA复归/告警,二次设备异常告警,是,#2主变保护I低压侧过负荷,#2主变保护I低压侧过负荷
347,110kV,2号主变公用,2号主变保护I,二次设备,异常,,,PSCADA复归/告警,二次设备异常告警,是,#2主变保护I高压侧1支路TA异常,#2主变保护I高压侧1支路TA异常
348,110kV,2号主变公用,2号主变保护I,二次设备,异常,,,PSCADA复归/告警,二次设备异常告警,是,#2主变保护I高压侧2支路TA异常,#2主变保护I高压侧2支路TA异常
349,110kV,2号主变公用,2号主变保护I,二次设备,异常,,,PSCADA复归/告警,二次设备异常告警,是,#2主变保护I中压侧TA异常,#2主变保护I中压侧TA异常
350,110kV,2号主变公用,2号主变保护I,二次设备,异常,,,PSCADA复归/告警,二次设备异常告警,是,#2主变保护I低压侧TA异常,#2主变保护I低压侧TA异常
351,110kV,2号主变公用,2号主变保护I,二次设备,异常,,,PSCADA复归/告警,二次设备异常告警,是,#2主变保护I高压侧TV异常,#2主变保护I高压侧TV异常
352,110kV,2号主变公用,2号主变保护I,二次设备,异常,,,PSCADA复归/告警,二次设备异常告警,是,#2主变保护I中压侧TV异常,#2主变保护I中压侧TV异常
353,110kV,2号主变公用,2号主变保护I,二次设备,异常,,,PSCADA复归/告警,二次设备异常告警,是,#2主变保护I低压侧TV异常,#2主变保护I低压侧TV异常
354,110kV,2号主变公用,2号主变保护I,二次设备,异常,,,PSCADA复归/告警,二次设备异常告警,是,#2主变保护I高压侧复压启动,#2主变保护I高压侧复压启动
355,110kV,2号主变公用,2号主变保护I,二次设备,异常,,,PSCADA复归/告警,二次设备异常告警,是,#2主变保护I中压侧复压启动,#2主变保护I中压侧复压启动
356,110kV,2号主变公用,2号主变保护I,二次设备,异常,,,PSCADA复归/告警,二次设备异常告警,是,#2主变保护I低压侧复压启动,#2主变保护I低压侧复压启动
357,110kV,2号主变公用,2号主变保护II,二次设备,告知,,,PSCADA退出/投入,一般遥信,是,#2主变保护II低压侧电压退出,#2主变保护II低压侧电压退出
358,110kV,2号主变公用,2号主变保护II,二次设备,告知,,,PSCADA退出/投入,一般遥信,是,#2主变保护II中压侧电压退出,#2主变保护II中压侧电压退出
359,110kV,2号主变公用,2号主变保护II,二次设备,告知,,,PSCADA退出/投入,一般遥信,是,#2主变保护II高压侧电压退出,#2主变保护II高压侧电压退出
360,110kV,2号主变公用,2号主变保护II,二次设备,事故,,,PSCADA复归/动作,保护事件,是,#2主变保护II差动速断,#2主变保护II差动速断
361,110kV,2号主变公用,2号主变保护II,二次设备,事故,,,PSCADA复归/动作,保护事件,是,#2主变保护II比率差动,#2主变保护II比率差动
362,110kV,2号主变公用,2号主变保护II,二次设备,事故,,,PSCADA复归/动作,保护事件,是,#2主变保护II高压侧过流I段第一时限,#2主变保护II高压侧过流I段第一时限
363,110kV,2号主变公用,2号主变保护II,二次设备,事故,,,PSCADA复归/动作,保护事件,是,#2主变保护II高压侧零序过流III段第一时限,#2主变保护II高压侧零序过流III段第一时限
364,110kV,2号主变公用,2号主变保护II,二次设备,事故,,,PSCADA复归/动作,保护事件,是,#2主变保护II高压侧零序过压第一时限,#2主变保护II高压侧零序过压第一时限
365,110kV,2号主变公用,2号主变保护II,二次设备,事故,,,PSCADA复归/动作,保护事件,是,#2主变保护II高压侧间隙零序过流第一时限,#2主变保护II高压侧间隙零序过流第一时限
366,110kV,2号主变公用,2号主变保护II,二次设备,异常,,,PSCADA复归/告警,二次设备异常告警,是,#2主变保护II高压侧过负荷I段,#2主变保护II高压侧过负荷I段
367,110kV,2号主变公用,2号主变保护II,二次设备,异常,,,PSCADA复归/告警,二次设备异常告警,是,#2主变保护II高压侧过载闭锁调压,#2主变保护II高压侧过载闭锁调压
368,110kV,2号主变公用,2号主变保护II,二次设备,事故,,,PSCADA复归/动作,保护事件,是,#2主变保护II中压侧过流I段第一时限,#2主变保护II中压侧过流I段第一时限
369,110kV,2号主变公用,2号主变保护II,二次设备,异常,,,PSCADA复归/告警,二次设备异常告警,是,#2主变保护II中压侧过负荷I段,#2主变保护II中压侧过负荷I段
370,110kV,2号主变公用,2号主变保护II,二次设备,事故,,,PSCADA复归/动作,保护事件,是,#2主变保护II低压侧过流I段第一时限,#2主变保护II低压侧过流I段第一时限
371,110kV,2号主变公用,2号主变保护II,二次设备,事故,,,PSCADA复归/动作,保护事件,是,#2主变保护II低压侧过流II段第一时限,#2主变保护II低压侧过流II段第一时限
372,110kV,2号主变公用,2号主变保护II,二次设备,异常,,,PSCADA复归/告警,二次设备异常告警,是,#2主变保护II低压侧过负荷,#2主变保护II低压侧过负荷
373,110kV,2号主变公用,2号主变保护II,二次设备,异常,,,PSCADA复归/告警,二次设备异常告警,是,#2主变保护II高压侧1支路TA异常,#2主变保护II高压侧1支路TA异常
374,110kV,2号主变公用,2号主变保护II,二次设备,异常,,,PSCADA复归/告警,二次设备异常告警,是,#2主变保护II高压侧2支路TA异常,#2主变保护II高压侧2支路TA异常
375,110kV,2号主变公用,2号主变保护II,二次设备,异常,,,PSCADA复归/告警,二次设备异常告警,是,#2主变保护II中压侧TA异常,#2主变保护II中压侧TA异常
376,110kV,2号主变公用,2号主变保护II,二次设备,异常,,,PSCADA复归/告警,二次设备异常告警,是,#2主变保护II低压侧TA异常,#2主变保护II低压侧TA异常
377,110kV,2号主变公用,2号主变保护II,二次设备,异常,,,PSCADA复归/告警,二次设备异常告警,是,#2主变保护II高压侧TV异常,#2主变保护II高压侧TV异常
378,110kV,2号主变公用,2号主变保护II,二次设备,异常,,,PSCADA复归/告警,二次设备异常告警,是,#2主变保护II中压侧TV异常,#2主变保护II中压侧TV异常
379,110kV,2号主变公用,2号主变保护II,二次设备,异常,,,PSCADA复归/告警,二次设备异常告警,是,#2主变保护II低压侧TV异常,#2主变保护II低压侧TV异常
380,110kV,2号主变公用,2号主变保护II,二次设备,异常,,,PSCADA复归/告警,二次设备异常告警,是,#2主变保护II高压侧复压启动,#2主变保护II高压侧复压启动
381,110kV,2号主变公用,2号主变保护II,二次设备,异常,,,PSCADA复归/告警,二次设备异常告警,是,#2主变保护II中压侧复压启动,#2主变保护II中压侧复压启动
382,110kV,2号主变公用,2号主变保护II,二次设备,异常,,,PSCADA复归/告警,二次设备异常告警,是,#2主变保护II低压侧复压启动,#2主变保护II低压侧复压启动
383,110kV,2号主变公用,2号主变保护I,二次设备,事故,,,PSCADA复归/动作,保护事件,是,#2主变保护I高后备动作,#2主变保护I高后备动作
384,110kV,2号主变公用,2号主变保护I,二次设备,事故,,,PSCADA复归/动作,保护事件,是,#2主变保护I中后备动作,#2主变保护I中后备动作
385,110kV,2号主变公用,2号主变保护I,二次设备,事故,,,PSCADA复归/动作,保护事件,是,#2主变保护I低后备动作,#2主变保护I低后备动作
386,110kV,2号主变公用,2号主变保护I,二次设备,异常,,,PSCADA复归/告警,二次设备异常告警,是,#2主变保护I装置报警,#2主变保护I装置报警
387,110kV,2号主变公用,2号主变机构,辅助设备,异常,,,PSCADA复归/告警,主设备异常告警,是,#2主变本体油位异常,#2主变本体油位异常
388,110kV,2号主变公用,2号主变机构,辅助设备,异常,,,PSCADA复归/告警,主设备异常告警,是,#2主变有载油位异常,#2主变有载油位异常
391,110kV,2号主变公用,2号主变机构,辅助设备,异常,,,PSCADA复归/告警,主设备异常告警,是,#2主变本体轻瓦斯,#2主变本体轻瓦斯
392,110kV,2号主变公用,2号主变机构,辅助设备,异常,,,PSCADA复归/告警,主设备异常告警,是,#2主变有载轻瓦斯,#2主变有载轻瓦斯
393,110kV,2号主变公用,2号主变机构,辅助设备,事故,,,PSCADA复归/告警,主设备异常告警,是,#2主变本体重瓦斯,#2主变本体重瓦斯
394,110kV,2号主变公用,2号主变机构,辅助设备,事故,,,PSCADA复归/告警,主设备异常告警,是,#2主变有载重瓦斯,#2主变有载重瓦斯
395,110kV,2号主变公用,2号主变机构,辅助设备,事故,,,PSCADA复归/告警,主设备异常告警,是,#2主变压力释放,#2主变压力释放
396,110kV,2号主变公用,2号主变机构,辅助设备,事故,,,PSCADA复归/告警,主设备异常告警,是,#2主变油温高,#2主变油温高
397,110kV,2号主变公用,2号主变本体测控,二次设备,异常,,,PSCADA复归/告警,二次设备故障告警,是,#2主变本体测控装置失电,#2主变本体测控装置失电
398,110kV,2号主变公用,2号主变本体测控,二次设备,异常,,,PSCADA复归/告警,二次设备异常告警,是,#2主变本体测控装置告警,#2主变本体测控装置告警
399,110kV,2号主变公用,2号主变保护I,二次设备,事故,,,PSCADA复归/动作,保护事件,是,#2主变保护I差动动作,#2主变保护I差动动作
400,110kV,2号主变公用,2号主变保护I,二次设备,异常,,,PSCADA复归/告警,二次设备异常告警,是,#2主变保护I装置闭锁,#2主变保护I装置闭锁
401,110kV,2号主变公用,2号主变保护II,二次设备,事故,,,PSCADA复归/动作,保护事件,是,#2主变保护II差动动作,#2主变保护II差动动作
402,110kV,2号主变公用,2号主变保护II,二次设备,异常,,,PSCADA复归/告警,二次设备异常告警,是,#2主变保护II装置闭锁,#2主变保护II装置闭锁
403,110kV,2号主变公用,2号主变保护II,二次设备,事故,,,PSCADA复归/动作,保护事件,是,#2主变保护II高后备动作,#2主变保护II高后备动作
404,110kV,2号主变公用,2号主变保护II,二次设备,事故,,,PSCADA复归/动作,保护事件,是,#2主变保护II中后备动作,#2主变保护II中后备动作
405,110kV,2号主变公用,2号主变保护II,二次设备,事故,,,PSCADA复归/动作,保护事件,是,#2主变保护II低后备动作,#2主变保护II低后备动作
406,110kV,2号主变公用,2号主变保护II,二次设备,异常,,,PSCADA复归/告警,二次设备异常告警,是,#2主变保护II装置报警,#2主变保护II装置报警
407,35kV,2号主变35kV侧,302开关机构,辅助设备,异常,,,PSCADA复归/告警,主设备异常告警,是,302储能电源跳闸,302储能电源跳闸
408,35kV,2号主变35kV侧,302开关机构,辅助设备,异常,,,PSCADA复归/告警,主设备异常告警,是,302开关室加热器动作,302开关室加热器动作
409,35kV,2号主变35kV侧,302开关机构,辅助设备,异常,,,PSCADA复归/告警,主设备异常告警,是,302电缆室加热器动作,302电缆室加热器动作
410,35kV,2号主变35kV侧,302开关机构,辅助设备,异常,,,PSCADA复归/告警,主设备异常告警,是,302电缆室/开关室加热器故障,302电缆室/开关室加热器故障
411,35kV,2号主变35kV侧,302开关机构,辅助设备,异常,,,PSCADA已储能/未储能,主设备异常告警,是,302弹簧未储能,302弹簧未储能
412,35kV,2号主变35kV侧,302开关机构,辅助设备,异常,,,PSCADA复归/告警,主设备异常告警,是,302SF6压力低报警,302SF6压力低报警
413,35kV,2号主变35kV侧,302开关机构,辅助设备,异常,,,PSCADA复归/告警,主设备异常告警,是,302SF6压力低闭锁,302SF6压力低闭锁
414,10kV,2号主变10kV侧,202开关机构,辅助设备,异常,,,PSCADA复归/告警,主设备异常告警,是,202储能电源跳闸,202储能电源跳闸
415,10kV,2号主变10kV侧,202开关机构,辅助设备,异常,,,PSCADA复归/告警,主设备异常告警,是,202电缆室/开关室加热器故障,202电缆室/开关室加热器故障
416,10kV,2号主变10kV侧,202开关机构,辅助设备,异常,,,PSCADA已储能/未储能,主设备异常告警,是,202弹簧未储能,202弹簧未储能
417,35kV,2号主变35kV侧,302开关机构,辅助设备,异常,,,PSCADA复归/告警,主设备异常告警,是,302控制回路断线,302控制回路断线
418,10kV,2号主变10kV侧,202开关机构,辅助设备,异常,,,PSCADA复归/告警,主设备异常告警,是,202控制回路断线,202控制回路断线
419,110kV,2号主变公用,2号主变机构,辅助设备,异常,,,PSCADA复归/告警,主设备异常告警,是,2#变调压空开位置,2#变调压空开位置
420,110kV,2号主变公用,2号主变机构,辅助设备,异常,,,PSCADA复归/告警,主设备异常告警,是,2#滤油压差报警,2#滤油压差报警
421,110kV,2号主变公用,2号主变机构,辅助设备,告知,,,PSCADA分位/合位,一般遥信,是,#2主变档位1,#2主变档位1
422,110kV,2号主变公用,2号主变机构,辅助设备,告知,,,PSCADA分位/合位,一般遥信,是,#2主变档位2,#2主变档位2
423,110kV,2号主变公用,2号主变机构,辅助设备,告知,,,PSCADA分位/合位,一般遥信,是,#2主变档位3,#2主变档位3
424,110kV,2号主变公用,2号主变机构,辅助设备,告知,,,PSCADA分位/合位,一般遥信,是,#2主变档位4,#2主变档位4
425,110kV,2号主变公用,2号主变机构,辅助设备,告知,,,PSCADA分位/合位,一般遥信,是,#2主变档位5,#2主变档位5
426,110kV,2号主变公用,2号主变机构,辅助设备,告知,,,PSCADA分位/合位,一般遥信,是,#2主变档位6,#2主变档位6
427,110kV,2号主变公用,2号主变机构,辅助设备,告知,,,PSCADA分位/合位,一般遥信,是,#2主变档位7,#2主变档位7
428,110kV,2号主变110kV侧,2号主变高压测控,二次设备,异常,,,PSCADA复归/告警,二次设备异常告警,是,#2主变测控装置1闭锁,#2主变测控装置1闭锁
429,35kV,2号主变35kV侧,2号主变中压测控,二次设备,异常,,,PSCADA复归/告警,二次设备异常告警,是,#2主变测控装置2闭锁,#2主变测控装置2闭锁
430,110kV,2号主变公用,2号主变低周保护,二次设备,事故,,,PSCADA复归/动作,保护事件,是,#2主变低周装置动作,#2主变低周装置动作
431,10kV,2号主变10kV侧,2号主变低压测控,二次设备,异常,,,PSCADA复归/告警,二次设备异常告警,是,#2主变测控装置3闭锁,#2主变测控装置3闭锁
432,110kV,2号主变公用,2号主变低周保护,二次设备,异常,,,PSCADA复归/告警,二次设备异常告警,是,#2主变低周装置闭锁,#2主变低周装置闭锁
433,110kV,2号主变公用,2号主变低周保护,二次设备,异常,,,PSCADA复归/告警,二次设备异常告警,是,2#低周装置异常,2#低周装置异常
434,35kV,35kV311备用线,311线路保护,二次设备,事故,,,PSCADA复归/动作,保护事件,是,311重合闸动作,311重合闸动作
435,35kV,35kV311备用线,311线路保护,二次设备,事故,,,PSCADA复归/动作,保护事件,是,311过流Ⅰ段动作（速断）,311过流Ⅰ段动作（速断）
436,35kV,35kV311备用线,311线路保护,二次设备,事故,,,PSCADA复归/动作,保护事件,是,311过流Ⅱ段动作（过流）,311过流Ⅱ段动作（过流）
437,35kV,35kV311备用线,311线路保护,二次设备,事故,,,PSCADA复归/动作,保护事件,是,311过流加速动作,311过流加速动作
438,35kV,35kV311备用线,311线路保护,二次设备,异常,,,PSCADA复归/告警,二次设备异常告警,是,311装置报警,311装置报警
439,35kV,35kV311备用线,311线路保护,二次设备,异常,,,PSCADA复归/告警,二次设备异常告警,是,311PT断线,311PT断线
440,35kV,35kV311备用线,311开关机构,辅助设备,异常,,,PSCADA复归/告警,主设备异常告警,是,311控制回路断线,311控制回路断线
441,35kV,35kV311备用线,311线路保护,二次设备,异常,,,PSCADA复归/告警,二次设备异常告警,是,311过负荷报警,311过负荷报警
442,35kV,35kV311备用线,311开关机构,辅助设备,异常,,,PSCADA已储能/未储能,主设备异常告警,是,311弹簧未储能,311弹簧未储能
443,35kV,35kV311备用线,311线路保护,二次设备,告知,,,PSCADA远方/就地,一般遥信,是,311测控屏远方/就地,311测控屏远方/就地
444,35kV,35kV311备用线,311线路保护,二次设备,变位,,,PSCADA退出/投入,一般遥信,是,311闭锁重合压板,311闭锁重合压板
445,35kV,35kV311备用线,311线路保护,二次设备,告知,,,PSCADA分位/合位,一般遥信,是,311信号复归开入,311信号复归开入
446,35kV,35kV311备用线,311线路保护,二次设备,异常,,,PSCADA退出/投入,一般遥信,是,311装置检修,311装置检修
447,35kV,35kV311备用线,311开关机构,辅助设备,异常,,,PSCADA复归/告警,主设备异常告警,是,311储能电源跳闸,311储能电源跳闸
448,35kV,35kV311备用线,311开关机构,辅助设备,异常,,,PSCADA复归/告警,主设备异常告警,是,311SF6压力低闭锁,311SF6压力低闭锁
449,35kV,35kV311备用线,311开关机构,辅助设备,异常,,,PSCADA复归/告警,主设备异常告警,是,311SF6压力低报警,311SF6压力低报警
450,35kV,35kV311备用线,311开关机构,辅助设备,异常,,,PSCADA复归/告警,主设备异常告警,是,311电缆室/开关室加热器故障,311电缆室/开关室加热器故障
451,35kV,35kV311备用线,311线路保护,二次设备,异常,,,PSCADA恢复/中断,二次设备故障告警,是,311网络通讯正常,311网络通讯正常
452,35kV,35kV313备用线,313线路保护,二次设备,事故,,,PSCADA复归/动作,保护事件,是,313重合闸动作,313重合闸动作
453,35kV,35kV313备用线,313线路保护,二次设备,事故,,,PSCADA复归/动作,保护事件,是,313过流Ⅰ段动作（速断）,313过流Ⅰ段动作（速断）
454,35kV,35kV313备用线,313线路保护,二次设备,事故,,,PSCADA复归/动作,保护事件,是,313过流Ⅱ段动作（过流）,313过流Ⅱ段动作（过流）
455,35kV,35kV313备用线,313线路保护,二次设备,事故,,,PSCADA复归/动作,保护事件,是,313过流加速动作,313过流加速动作
456,35kV,35kV313备用线,313线路保护,二次设备,异常,,,PSCADA复归/告警,二次设备异常告警,是,313装置报警,313装置报警
457,35kV,35kV313备用线,313线路保护,二次设备,异常,,,PSCADA复归/告警,二次设备异常告警,是,313PT断线,313PT断线
458,35kV,35kV313备用线,313开关机构,辅助设备,异常,,,PSCADA复归/告警,主设备异常告警,是,313控制回路断线,313控制回路断线
459,35kV,35kV313备用线,313线路保护,二次设备,异常,,,PSCADA复归/告警,二次设备异常告警,是,313过负荷报警,313过负荷报警
460,35kV,35kV313备用线,313开关机构,辅助设备,异常,,,PSCADA已储能/未储能,主设备异常告警,是,313弹簧未储能,313弹簧未储能
461,35kV,35kV313备用线,313线路保护,二次设备,告知,,,PSCADA远方/就地,一般遥信,是,313测控屏远方/就地,313测控屏远方/就地
462,35kV,35kV313备用线,313线路保护,二次设备,变位,,,PSCADA退出/投入,一般遥信,是,313闭锁重合压板,313闭锁重合压板
463,35kV,35kV313备用线,313线路保护,二次设备,告知,,,PSCADA分位/合位,一般遥信,是,313信号复归开入,313信号复归开入
464,35kV,35kV313备用线,313线路保护,二次设备,异常,,,PSCADA退出/投入,一般遥信,是,313装置检修,313装置检修
465,35kV,35kV313备用线,313开关机构,辅助设备,异常,,,PSCADA复归/告警,主设备异常告警,是,313储能电源跳闸,313储能电源跳闸
466,35kV,35kV313备用线,313开关机构,辅助设备,异常,,,PSCADA复归/告警,主设备异常告警,是,313SF6压力低闭锁,313SF6压力低闭锁
467,35kV,35kV313备用线,313开关机构,辅助设备,异常,,,PSCADA复归/告警,主设备异常告警,是,313SF6压力低报警,313SF6压力低报警
468,35kV,35kV313备用线,313开关机构,辅助设备,异常,,,PSCADA复归/告警,主设备异常告警,是,313电缆室/开关室加热器故障,313电缆室/开关室加热器故障
469,35kV,35kV313备用线,313线路保护,二次设备,异常,,,PSCADA恢复/中断,二次设备故障告警,是,313网络通讯正常,313网络通讯正常
470,35kV,35kV315备用线,315线路保护,二次设备,事故,,,PSCADA复归/动作,保护事件,是,315重合闸动作,315重合闸动作
471,35kV,35kV315备用线,315线路保护,二次设备,事故,,,PSCADA复归/动作,保护事件,是,315过流Ⅰ段动作（速断）,315过流Ⅰ段动作（速断）
472,35kV,35kV315备用线,315线路保护,二次设备,事故,,,PSCADA复归/动作,保护事件,是,315过流Ⅱ段动作（过流）,315过流Ⅱ段动作（过流）
473,35kV,35kV315备用线,315线路保护,二次设备,事故,,,PSCADA复归/动作,保护事件,是,315过流加速动作,315过流加速动作
474,35kV,35kV315备用线,315线路保护,二次设备,异常,,,PSCADA复归/告警,二次设备异常告警,是,315装置报警,315装置报警
475,35kV,35kV315备用线,315线路保护,二次设备,异常,,,PSCADA复归/告警,二次设备异常告警,是,315PT断线,315PT断线
476,35kV,35kV315备用线,315开关机构,辅助设备,异常,,,PSCADA复归/告警,主设备异常告警,是,315控制回路断线,315控制回路断线
477,35kV,35kV315备用线,315线路保护,二次设备,异常,,,PSCADA复归/告警,二次设备异常告警,是,315过负荷报警,315过负荷报警
478,35kV,35kV315备用线,315开关机构,辅助设备,异常,,,PSCADA已储能/未储能,主设备异常告警,是,315弹簧未储能,315弹簧未储能
479,35kV,35kV315备用线,315线路保护,二次设备,告知,,,PSCADA远方/就地,一般遥信,是,315测控屏远方/就地,315测控屏远方/就地
480,35kV,35kV315备用线,315线路保护,二次设备,变位,,,PSCADA退出/投入,一般遥信,是,315闭锁重合压板,315闭锁重合压板
481,35kV,35kV315备用线,315线路保护,二次设备,告知,,,PSCADA分位/合位,一般遥信,是,315信号复归开入,315信号复归开入
482,35kV,35kV315备用线,315线路保护,二次设备,异常,,,PSCADA退出/投入,一般遥信,是,315装置检修,315装置检修
483,35kV,35kV315备用线,315开关机构,辅助设备,异常,,,PSCADA复归/告警,主设备异常告警,是,315储能电源跳闸,315储能电源跳闸
484,35kV,35kV315备用线,315开关机构,辅助设备,异常,,,PSCADA复归/告警,主设备异常告警,是,315SF6压力低闭锁,315SF6压力低闭锁
485,35kV,35kV315备用线,315开关机构,辅助设备,异常,,,PSCADA复归/告警,主设备异常告警,是,315SF6压力低报警,315SF6压力低报警
486,35kV,35kV315备用线,315开关机构,辅助设备,异常,,,PSCADA复归/告警,主设备异常告警,是,315电缆室/开关室加热器故障,315电缆室/开关室加热器故障
487,35kV,35kV315备用线,315线路保护,二次设备,异常,,,PSCADA恢复/中断,二次设备故障告警,是,315网络通讯正常,315网络通讯正常
488,35kV,35kV马营线,317线路保护,二次设备,事故,,,PSCADA复归/动作,保护事件,是,317重合闸动作,317重合闸动作
489,35kV,35kV马营线,317线路保护,二次设备,事故,,,PSCADA复归/动作,保护事件,是,317过流Ⅰ段动作（速断）,317过流Ⅰ段动作（速断）
490,35kV,35kV马营线,317线路保护,二次设备,事故,,,PSCADA复归/动作,保护事件,是,317过流Ⅱ段动作（过流）,317过流Ⅱ段动作（过流）
491,35kV,35kV马营线,317线路保护,二次设备,事故,,,PSCADA复归/动作,保护事件,是,317过流加速动作,317过流加速动作
492,35kV,35kV马营线,317线路保护,二次设备,异常,,,PSCADA复归/告警,二次设备异常告警,是,317装置报警,317装置报警
493,35kV,35kV马营线,317线路保护,二次设备,异常,,,PSCADA复归/告警,二次设备异常告警,是,317PT断线,317PT断线
494,35kV,35kV马营线,317开关机构,辅助设备,异常,,,PSCADA复归/告警,主设备异常告警,是,317控制回路断线,317控制回路断线
495,35kV,35kV马营线,317线路保护,二次设备,异常,,,PSCADA复归/告警,二次设备异常告警,是,317过负荷报警,317过负荷报警
496,35kV,35kV马营线,317开关机构,辅助设备,异常,,,PSCADA已储能/未储能,主设备异常告警,是,317弹簧未储能,317弹簧未储能
497,35kV,35kV马营线,317线路保护,二次设备,告知,,,PSCADA远方/就地,一般遥信,是,317测控屏远方/就地,317测控屏远方/就地
498,35kV,35kV马营线,317线路保护,二次设备,变位,,,PSCADA退出/投入,一般遥信,是,317闭锁重合压板,317闭锁重合压板
499,35kV,35kV马营线,317线路保护,二次设备,告知,,,PSCADA分位/合位,一般遥信,是,317信号复归开入,317信号复归开入
500,35kV,35kV马营线,317线路保护,二次设备,异常,,,PSCADA退出/投入,一般遥信,是,317装置检修,317装置检修
501,35kV,35kV马营线,317开关机构,辅助设备,异常,,,PSCADA复归/告警,主设备异常告警,是,317储能电源跳闸,317储能电源跳闸
502,35kV,35kV马营线,317开关机构,辅助设备,异常,,,PSCADA复归/告警,主设备异常告警,是,317SF6压力低闭锁,317SF6压力低闭锁
503,35kV,35kV马营线,317开关机构,辅助设备,异常,,,PSCADA复归/告警,主设备异常告警,是,317SF6压力低报警,317SF6压力低报警
504,35kV,35kV马营线,317开关机构,辅助设备,异常,,,PSCADA复归/告警,主设备异常告警,是,317电缆室/开关室加热器故障,317电缆室/开关室加热器故障
505,35kV,35kV马营线,317线路保护,二次设备,异常,,,PSCADA恢复/中断,二次设备故障告警,是,317网络通讯正常,317网络通讯正常
506,35kV,35kV马城线,312线路保护,二次设备,事故,,,PSCADA复归/动作,保护事件,是,312重合闸动作,312重合闸动作
507,35kV,35kV马城线,312线路保护,二次设备,事故,,,PSCADA复归/动作,保护事件,是,312过流Ⅰ段动作（速断）,312过流Ⅰ段动作（速断）
508,35kV,35kV马城线,312线路保护,二次设备,事故,,,PSCADA复归/动作,保护事件,是,312过流Ⅱ段动作（过流）,312过流Ⅱ段动作（过流）
509,35kV,35kV马城线,312线路保护,二次设备,事故,,,PSCADA复归/动作,保护事件,是,312过流加速动作,312过流加速动作
510,35kV,35kV马城线,312线路保护,二次设备,异常,,,PSCADA复归/告警,二次设备异常告警,是,312装置报警,312装置报警
511,35kV,35kV马城线,312线路保护,二次设备,异常,,,PSCADA复归/告警,二次设备异常告警,是,312PT断线,312PT断线
512,35kV,35kV马城线,312开关机构,辅助设备,异常,,,PSCADA复归/告警,主设备异常告警,是,312控制回路断线,312控制回路断线
513,35kV,35kV马城线,312线路保护,二次设备,异常,,,PSCADA复归/告警,二次设备异常告警,是,312过负荷报警,312过负荷报警
514,35kV,35kV马城线,312开关机构,辅助设备,异常,,,PSCADA已储能/未储能,主设备异常告警,是,312弹簧未储能,312弹簧未储能
515,35kV,35kV马城线,312线路保护,二次设备,告知,,,PSCADA远方/就地,一般遥信,是,312测控屏远方/就地,312测控屏远方/就地
516,35kV,35kV马城线,312线路保护,二次设备,变位,,,PSCADA退出/投入,一般遥信,是,312闭锁重合压板,312闭锁重合压板
517,35kV,35kV马城线,312线路保护,二次设备,告知,,,PSCADA分位/合位,一般遥信,是,312信号复归开入,312信号复归开入
518,35kV,35kV马城线,312线路保护,二次设备,异常,,,PSCADA退出/投入,一般遥信,是,312装置检修,312装置检修
519,35kV,35kV马城线,312开关机构,辅助设备,异常,,,PSCADA复归/告警,主设备异常告警,是,312储能电源跳闸,312储能电源跳闸
520,35kV,35kV马城线,312开关机构,辅助设备,异常,,,PSCADA复归/告警,主设备异常告警,是,312SF6压力低闭锁,312SF6压力低闭锁
521,35kV,35kV马城线,312开关机构,辅助设备,异常,,,PSCADA复归/告警,主设备异常告警,是,312SF6压力低报警,312SF6压力低报警
522,35kV,35kV马城线,312开关机构,辅助设备,异常,,,PSCADA复归/告警,主设备异常告警,是,312电缆室/开关室加热器故障,312电缆室/开关室加热器故障
523,35kV,35kV马城线,312线路保护,二次设备,异常,,,PSCADA恢复/中断,二次设备故障告警,是,312网络通讯正常,312网络通讯正常
524,35kV,35kV314备用线,314线路保护,二次设备,事故,,,PSCADA复归/动作,保护事件,是,314重合闸动作,314重合闸动作
525,35kV,35kV314备用线,314线路保护,二次设备,事故,,,PSCADA复归/动作,保护事件,是,314过流Ⅰ段动作（速断）,314过流Ⅰ段动作（速断）
526,35kV,35kV314备用线,314线路保护,二次设备,事故,,,PSCADA复归/动作,保护事件,是,314过流Ⅱ段动作（过流）,314过流Ⅱ段动作（过流）
527,35kV,35kV314备用线,314线路保护,二次设备,事故,,,PSCADA复归/动作,保护事件,是,314过流加速动作,314过流加速动作
528,35kV,35kV314备用线,314线路保护,二次设备,异常,,,PSCADA复归/告警,二次设备异常告警,是,314装置报警,314装置报警
529,35kV,35kV314备用线,314线路保护,二次设备,异常,,,PSCADA复归/告警,二次设备异常告警,是,314PT断线,314PT断线
530,35kV,35kV314备用线,314开关机构,辅助设备,异常,,,PSCADA复归/告警,主设备异常告警,是,314控制回路断线,314控制回路断线
531,35kV,35kV314备用线,314线路保护,二次设备,异常,,,PSCADA复归/告警,二次设备异常告警,是,314过负荷报警,314过负荷报警
532,35kV,35kV314备用线,314开关机构,辅助设备,异常,,,PSCADA已储能/未储能,主设备异常告警,是,314弹簧未储能,314弹簧未储能
533,35kV,35kV314备用线,314线路保护,二次设备,告知,,,PSCADA远方/就地,一般遥信,是,314测控屏远方/就地,314测控屏远方/就地
534,35kV,35kV314备用线,314线路保护,二次设备,变位,,,PSCADA退出/投入,一般遥信,是,314闭锁重合压板,314闭锁重合压板
535,35kV,35kV314备用线,314线路保护,二次设备,告知,,,PSCADA分位/合位,一般遥信,是,314信号复归开入,314信号复归开入
536,35kV,35kV314备用线,314线路保护,二次设备,异常,,,PSCADA退出/投入,一般遥信,是,314装置检修,314装置检修
537,35kV,35kV314备用线,314开关机构,辅助设备,异常,,,PSCADA复归/告警,主设备异常告警,是,314储能电源跳闸,314储能电源跳闸
538,35kV,35kV314备用线,314开关机构,辅助设备,异常,,,PSCADA复归/告警,主设备异常告警,是,314SF6压力低闭锁,314SF6压力低闭锁
539,35kV,35kV314备用线,314开关机构,辅助设备,异常,,,PSCADA复归/告警,主设备异常告警,是,314SF6压力低报警,314SF6压力低报警
540,35kV,35kV314备用线,314开关机构,辅助设备,异常,,,PSCADA复归/告警,主设备异常告警,是,314电缆室/开关室加热器故障,314电缆室/开关室加热器故障
541,35kV,35kV314备用线,314线路保护,二次设备,异常,,,PSCADA恢复/中断,二次设备故障告警,是,314网络通讯正常,314网络通讯正常
542,35kV,35kV316备用线,316线路保护,二次设备,事故,,,PSCADA复归/动作,保护事件,是,316重合闸动作,316重合闸动作
543,35kV,35kV316备用线,316线路保护,二次设备,事故,,,PSCADA复归/动作,保护事件,是,316过流Ⅰ段动作（速断）,316过流Ⅰ段动作（速断）
544,35kV,35kV316备用线,316线路保护,二次设备,事故,,,PSCADA复归/动作,保护事件,是,316过流Ⅱ段动作（过流）,316过流Ⅱ段动作（过流）
545,35kV,35kV316备用线,316线路保护,二次设备,事故,,,PSCADA复归/动作,保护事件,是,316过流加速动作,316过流加速动作
546,35kV,35kV316备用线,316线路保护,二次设备,异常,,,PSCADA复归/告警,二次设备异常告警,是,316装置报警,316装置报警
547,35kV,35kV316备用线,316线路保护,二次设备,异常,,,PSCADA复归/告警,二次设备异常告警,是,316PT断线,316PT断线
548,35kV,35kV316备用线,316开关机构,辅助设备,异常,,,PSCADA复归/告警,主设备异常告警,是,316控制回路断线,316控制回路断线
549,35kV,35kV316备用线,316线路保护,二次设备,异常,,,PSCADA复归/告警,二次设备异常告警,是,316过负荷报警,316过负荷报警
550,35kV,35kV316备用线,316开关机构,辅助设备,异常,,,PSCADA已储能/未储能,主设备异常告警,是,316弹簧未储能,316弹簧未储能
551,35kV,35kV316备用线,316线路保护,二次设备,告知,,,PSCADA远方/就地,一般遥信,是,316测控屏远方/就地,316测控屏远方/就地
552,35kV,35kV316备用线,316线路保护,二次设备,变位,,,PSCADA退出/投入,一般遥信,是,316闭锁重合压板,316闭锁重合压板
553,35kV,35kV316备用线,316线路保护,二次设备,告知,,,PSCADA分位/合位,一般遥信,是,316信号复归开入,316信号复归开入
554,35kV,35kV316备用线,316线路保护,二次设备,异常,,,PSCADA退出/投入,一般遥信,是,316装置检修,316装置检修
555,35kV,35kV316备用线,316开关机构,辅助设备,异常,,,PSCADA复归/告警,主设备异常告警,是,316储能电源跳闸,316储能电源跳闸
556,35kV,35kV316备用线,316开关机构,辅助设备,异常,,,PSCADA复归/告警,主设备异常告警,是,316SF6压力低闭锁,316SF6压力低闭锁
557,35kV,35kV316备用线,316开关机构,辅助设备,异常,,,PSCADA复归/告警,主设备异常告警,是,316SF6压力低报警,316SF6压力低报警
558,35kV,35kV316备用线,316开关机构,辅助设备,异常,,,PSCADA复归/告警,主设备异常告警,是,316电缆室/开关室加热器故障,316电缆室/开关室加热器故障
559,35kV,35kV316备用线,316线路保护,二次设备,异常,,,PSCADA恢复/中断,二次设备故障告警,是,316网络通讯正常,316网络通讯正常
560,35kV,35kV318备用线,318线路保护,二次设备,事故,,,PSCADA复归/动作,保护事件,是,318重合闸动作,318重合闸动作
561,35kV,35kV318备用线,318线路保护,二次设备,事故,,,PSCADA复归/动作,保护事件,是,318过流Ⅰ段动作（速断）,318过流Ⅰ段动作（速断）
562,35kV,35kV318备用线,318线路保护,二次设备,事故,,,PSCADA复归/动作,保护事件,是,318过流Ⅱ段动作（过流）,318过流Ⅱ段动作（过流）
563,35kV,35kV318备用线,318线路保护,二次设备,事故,,,PSCADA复归/动作,保护事件,是,318过流加速动作,318过流加速动作
564,35kV,35kV318备用线,318线路保护,二次设备,异常,,,PSCADA复归/告警,二次设备异常告警,是,318装置报警,318装置报警
565,35kV,35kV318备用线,318线路保护,二次设备,异常,,,PSCADA复归/告警,二次设备异常告警,是,318PT断线,318PT断线
566,35kV,35kV318备用线,318开关机构,辅助设备,异常,,,PSCADA复归/告警,主设备异常告警,是,318控制回路断线,318控制回路断线
567,35kV,35kV318备用线,318线路保护,二次设备,异常,,,PSCADA复归/告警,二次设备异常告警,是,318过负荷报警,318过负荷报警
568,35kV,35kV318备用线,318开关机构,辅助设备,异常,,,PSCADA已储能/未储能,主设备异常告警,是,318弹簧未储能,318弹簧未储能
569,35kV,35kV318备用线,318线路保护,二次设备,告知,,,PSCADA远方/就地,一般遥信,是,318测控屏远方/就地,318测控屏远方/就地
570,35kV,35kV318备用线,318线路保护,二次设备,变位,,,PSCADA退出/投入,一般遥信,是,318闭锁重合压板,318闭锁重合压板
571,35kV,35kV318备用线,318线路保护,二次设备,告知,,,PSCADA分位/合位,一般遥信,是,318信号复归开入,318信号复归开入
572,35kV,35kV318备用线,318线路保护,二次设备,异常,,,PSCADA退出/投入,一般遥信,是,318装置检修,318装置检修
573,35kV,35kV318备用线,318开关机构,辅助设备,异常,,,PSCADA复归/告警,主设备异常告警,是,318储能电源跳闸,318储能电源跳闸
574,35kV,35kV318备用线,318开关机构,辅助设备,异常,,,PSCADA复归/告警,主设备异常告警,是,318SF6压力低闭锁,318SF6压力低闭锁
575,35kV,35kV318备用线,318开关机构,辅助设备,异常,,,PSCADA复归/告警,主设备异常告警,是,318SF6压力低报警,318SF6压力低报警
576,35kV,35kV318备用线,318开关机构,辅助设备,异常,,,PSCADA复归/告警,主设备异常告警,是,318电缆室/开关室加热器故障,318电缆室/开关室加热器故障
577,35kV,35kV318备用线,318线路保护,二次设备,异常,,,PSCADA恢复/中断,二次设备故障告警,是,318网络通讯正常,318网络通讯正常
578,35kV,35kV345分段,345分段保护,二次设备,变位,,,PSCADA退出/投入,软压板,是,35kV备自投345自投投入,35kV备自投345自投投入
579,35kV,35kV345分段,345分段保护,二次设备,事故,,,PSCADA复归/动作,保护事件,是,35kV345备自投动作,35kV345备自投动作
580,35kV,35kV345分段,345分段保护,二次设备,事故,,,PSCADA复归/动作,保护事件,是,35kV备投345自投跳电源1-301,35kV备投345自投跳电源1-301
581,35kV,35kV345分段,345分段保护,二次设备,事故,,,PSCADA复归/动作,保护事件,是,35kV备投345自投跳电源2-302,35kV备投345自投跳电源2-302
582,35kV,35kV345分段,345分段保护,二次设备,事故,,,PSCADA复归/动作,保护事件,是,35kV备投345自投合分段345,35kV备投345自投合分段345
583,35kV,35kV345分段,345分段保护,二次设备,事故,,,PSCADA复归/动作,保护事件,是,35kV备投345充电保护动作,35kV备投345充电保护动作
584,35kV,35kV345分段,345分段保护,二次设备,异常,,,PSCADA复归/告警,二次设备异常告警,是,35kV备投345装置报警,35kV备投345装置报警
585,35kV,35kV345分段,345开关机构,辅助设备,异常,,,PSCADA已储能/未储能,主设备异常告警,是,35kV备投345弹簧未储能,35kV备投345弹簧未储能
586,35kV,35kV345分段,345开关机构,辅助设备,异常,,,PSCADA复归/告警,主设备异常告警,是,35kV备投345控制回路断线,35kV备投345控制回路断线
587,35kV,35kV345分段,345开关机构,辅助设备,异常,,,PSCADA复归/告警,主设备异常告警,是,35kV备投345自投总闭锁,35kV备投345自投总闭锁
588,35kV,35kV345分段,345分段保护,二次设备,异常,,,PSCADA复归/告警,二次设备异常告警,是,35kV备投345I母PT断线,35kV备投345I母PT断线
589,35kV,35kV345分段,345分段保护,二次设备,异常,,,PSCADA复归/告警,二次设备异常告警,是,35kV备投345II母PT断线,35kV备投345II母PT断线
590,35kV,35kV345分段,345分段保护,二次设备,异常,,,PSCADA放电/已充电,一般遥信,是,35kV备投345自投方式3充电,35kV备投345自投方式3充电
591,35kV,35kV345分段,345分段保护,二次设备,异常,,,PSCADA放电/已充电,一般遥信,是,35kV备投345自投方式4充电,35kV备投345自投方式4充电
592,35kV,35kV345分段,345开关机构,辅助设备,异常,,,PSCADA复归/告警,主设备异常告警,是,345开关SF6压力低报警,345开关SF6压力低报警
593,35kV,35kV345分段,345开关机构,辅助设备,异常,,,PSCADA复归/告警,主设备异常告警,是,345开关SF6压力低闭锁,345开关SF6压力低闭锁
594,35kV,35kV345分段,345开关机构,辅助设备,异常,,,PSCADA复归/告警,主设备异常告警,是,345储能电源跳闸,345储能电源跳闸
595,35kV,35kV345分段,345开关机构,辅助设备,异常,,,PSCADA复归/告警,主设备异常告警,是,345开关室加热器动作,345开关室加热器动作
596,35kV,35kV345分段,345开关机构,辅助设备,异常,,,PSCADA复归/告警,主设备异常告警,是,345电缆室加热器动作,345电缆室加热器动作
597,35kV,35kV345分段,345开关机构,辅助设备,异常,,,PSCADA复归/告警,主设备异常告警,是,345开关室/电缆室加热器故障,345开关室/电缆室加热器故障
598,35kV,35kV4母线,35kV4母线保护,二次设备,事故,,,PSCADA复归/动作,保护事件,是,35kV4母母差过流一段动作,35kV4母母差过流一段动作
599,35kV,35kV4母线,35kV4母线保护,二次设备,事故,,,PSCADA复归/动作,保护事件,是,35kV4母母差过流二段动作,35kV4母母差过流二段动作
600,35kV,35kV4母线,35kV4母线保护,二次设备,变位,,,PSCADA退出/投入,软压板,是,35kV4母母差复压闭锁过流保护投入,35kV4母母差复压闭锁过流保护投入
601,35kV,35kV4母线,35kV4母线保护,二次设备,异常,,,PSCADA复归/告警,二次设备异常告警,是,35kV4母母差外部闭锁母差开入,35kV4母母差外部闭锁母差开入
602,35kV,35kV4母线,35kV4母线保护,二次设备,告知,,,PSCADA分位/合位,一般遥信,是,35kV4母母差信号复归开入,35kV4母母差信号复归开入
603,35kV,35kV4母线,35kV4母线保护,二次设备,异常,,,PSCADA恢复/中断,二次设备故障告警,是,35kV4母母差网络通讯正常,35kV4母母差网络通讯正常
604,35kV,35kV5母线,35kV5母线保护,二次设备,事故,,,PSCADA复归/动作,保护事件,是,35kV5母母差过流一段动作,35kV5母母差过流一段动作
605,35kV,35kV5母线,35kV5母线保护,二次设备,事故,,,PSCADA复归/动作,保护事件,是,35kV5母母差过流二段动作,35kV5母母差过流二段动作
606,35kV,35kV5母线,35kV5母线保护,二次设备,变位,,,PSCADA退出/投入,软压板,是,35kV5母母差复压闭锁过流保护投入,35kV5母母差复压闭锁过流保护投入
607,35kV,35kV5母线,35kV5母线保护,二次设备,异常,,,PSCADA复归/告警,二次设备异常告警,是,35kV5母母差外部闭锁母差开入,35kV5母母差外部闭锁母差开入
608,35kV,35kV5母线,35kV5母线保护,二次设备,告知,,,PSCADA分位/合位,一般遥信,是,35kV5母母差信号复归开入,35kV5母母差信号复归开入
609,35kV,35kV5母线,35kV5母线保护,二次设备,异常,,,PSCADA恢复/中断,二次设备故障告警,是,35kV5母母差网络通讯正常,35kV5母母差网络通讯正常
610,10kV,10kV圈宏线,151线路保护,二次设备,事故,,,PSCADA复归/动作,保护事件,是,151重合闸动作,151重合闸动作
611,10kV,10kV圈宏线,151线路保护,二次设备,事故,,,PSCADA复归/动作,保护事件,是,151过流Ⅰ段动作（速断）,151过流Ⅰ段动作（速断）
612,10kV,10kV圈宏线,151线路保护,二次设备,事故,,,PSCADA复归/动作,保护事件,是,151过流Ⅱ段动作（过流）,151过流Ⅱ段动作（过流）
613,10kV,10kV圈宏线,151线路保护,二次设备,异常,,,PSCADA复归/告警,二次设备异常告警,是,151装置报警,151装置报警
614,10kV,10kV圈宏线,151开关机构,辅助设备,异常,,,PSCADA复归/告警,主设备异常告警,是,151控制回路断线,151控制回路断线
615,10kV,10kV圈宏线,151线路保护,二次设备,异常,,,PSCADA复归/告警,二次设备异常告警,是,151过负荷报警,151过负荷报警
616,10kV,10kV圈宏线,151开关机构,辅助设备,异常,,,PSCADA已储能/未储能,主设备异常告警,是,151弹簧未储能,151弹簧未储能
617,10kV,10kV圈宏线,151线路保护,二次设备,告知,,,PSCADA远方/就地,一般遥信,是,151测控屏远方/就地,151测控屏远方/就地
618,10kV,10kV圈宏线,151线路保护,二次设备,变位,,,PSCADA退出/投入,一般遥信,是,151闭锁重合压板,151闭锁重合压板
619,10kV,10kV圈宏线,151线路保护,二次设备,告知,,,PSCADA分位/合位,一般遥信,是,151信号复归开入,151信号复归开入
620,10kV,10kV圈宏线,151线路保护,二次设备,异常,,,PSCADA退出/投入,一般遥信,是,151装置检修,151装置检修
621,10kV,10kV圈宏线,151开关机构,辅助设备,异常,,,PSCADA复归/告警,主设备异常告警,是,151储能电源跳闸,151储能电源跳闸
622,10kV,10kV圈宏线,151开关机构,辅助设备,异常,,,PSCADA复归/告警,主设备异常告警,是,151电缆室/开关室加热器故障,151电缆室/开关室加热器故障
623,10kV,10kV圈宏线,151线路保护,二次设备,异常,,,PSCADA恢复/中断,二次设备故障告警,是,151网络通讯正常,151网络通讯正常
624,10kV,10kV银海线,153线路保护,二次设备,事故,,,PSCADA复归/动作,保护事件,是,153重合闸动作,153重合闸动作
625,10kV,10kV银海线,153线路保护,二次设备,事故,,,PSCADA复归/动作,保护事件,是,153过流Ⅰ段动作（速断）,153过流Ⅰ段动作（速断）
626,10kV,10kV银海线,153线路保护,二次设备,事故,,,PSCADA复归/动作,保护事件,是,153过流Ⅱ段动作（过流）,153过流Ⅱ段动作（过流）
627,10kV,10kV银海线,153线路保护,二次设备,异常,,,PSCADA复归/告警,二次设备异常告警,是,153装置报警,153装置报警
628,10kV,10kV银海线,153开关机构,辅助设备,异常,,,PSCADA复归/告警,主设备异常告警,是,153控制回路断线,153控制回路断线
629,10kV,10kV银海线,153线路保护,二次设备,异常,,,PSCADA复归/告警,二次设备异常告警,是,153过负荷报警,153过负荷报警
630,10kV,10kV银海线,153开关机构,辅助设备,异常,,,PSCADA已储能/未储能,主设备异常告警,是,153弹簧未储能,153弹簧未储能
631,10kV,10kV银海线,153线路保护,二次设备,告知,,,PSCADA远方/就地,一般遥信,是,153测控屏远方/就地,153测控屏远方/就地
632,10kV,10kV银海线,153线路保护,二次设备,变位,,,PSCADA退出/投入,一般遥信,是,153闭锁重合压板,153闭锁重合压板
633,10kV,10kV银海线,153线路保护,二次设备,告知,,,PSCADA分位/合位,一般遥信,是,153信号复归开入,153信号复归开入
634,10kV,10kV银海线,153线路保护,二次设备,异常,,,PSCADA退出/投入,一般遥信,是,153装置检修,153装置检修
635,10kV,10kV银海线,153开关机构,辅助设备,异常,,,PSCADA复归/告警,主设备异常告警,是,153储能电源跳闸,153储能电源跳闸
636,10kV,10kV银海线,153开关机构,辅助设备,异常,,,PSCADA复归/告警,主设备异常告警,是,153电缆室/开关室加热器故障,153电缆室/开关室加热器故障
637,10kV,10kV银海线,153线路保护,二次设备,异常,,,PSCADA恢复/中断,二次设备故障告警,是,153网络通讯正常,153网络通讯正常
638,10kV,10kV落垡线,155线路保护,二次设备,事故,,,PSCADA复归/动作,保护事件,是,155重合闸动作,155重合闸动作
639,10kV,10kV落垡线,155线路保护,二次设备,事故,,,PSCADA复归/动作,保护事件,是,155过流Ⅰ段动作（速断）,155过流Ⅰ段动作（速断）
640,10kV,10kV落垡线,155线路保护,二次设备,事故,,,PSCADA复归/动作,保护事件,是,155过流Ⅱ段动作（过流）,155过流Ⅱ段动作（过流）
641,10kV,10kV落垡线,155线路保护,二次设备,异常,,,PSCADA复归/告警,二次设备异常告警,是,155装置报警,155装置报警
642,10kV,10kV落垡线,155开关机构,辅助设备,异常,,,PSCADA复归/告警,主设备异常告警,是,155控制回路断线,155控制回路断线
643,10kV,10kV落垡线,155线路保护,二次设备,异常,,,PSCADA复归/告警,二次设备异常告警,是,155过负荷报警,155过负荷报警
644,10kV,10kV落垡线,155开关机构,辅助设备,异常,,,PSCADA已储能/未储能,主设备异常告警,是,155弹簧未储能,155弹簧未储能
645,10kV,10kV落垡线,155线路保护,二次设备,告知,,,PSCADA远方/就地,一般遥信,是,155测控屏远方/就地,155测控屏远方/就地
646,10kV,10kV落垡线,155线路保护,二次设备,变位,,,PSCADA退出/投入,一般遥信,是,155闭锁重合压板,155闭锁重合压板
647,10kV,10kV落垡线,155线路保护,二次设备,告知,,,PSCADA分位/合位,一般遥信,是,155信号复归开入,155信号复归开入
648,10kV,10kV落垡线,155线路保护,二次设备,异常,,,PSCADA退出/投入,一般遥信,是,155装置检修,155装置检修
649,10kV,10kV落垡线,155开关机构,辅助设备,异常,,,PSCADA复归/告警,主设备异常告警,是,155储能电源跳闸,155储能电源跳闸
650,10kV,10kV落垡线,155开关机构,辅助设备,异常,,,PSCADA复归/告警,主设备异常告警,是,155电缆室/开关室加热器故障,155电缆室/开关室加热器故障
651,10kV,10kV落垡线,155线路保护,二次设备,异常,,,PSCADA恢复/中断,二次设备故障告警,是,155网络通讯正常,155网络通讯正常
652,10kV,10kV157备用线,157线路保护,二次设备,事故,,,PSCADA复归/动作,保护事件,是,157重合闸动作,157重合闸动作
653,10kV,10kV157备用线,157线路保护,二次设备,事故,,,PSCADA复归/动作,保护事件,是,157过流Ⅰ段动作（速断）,157过流Ⅰ段动作（速断）
654,10kV,10kV157备用线,157线路保护,二次设备,事故,,,PSCADA复归/动作,保护事件,是,157过流Ⅱ段动作（过流）,157过流Ⅱ段动作（过流）
655,10kV,10kV157备用线,157线路保护,二次设备,异常,,,PSCADA复归/告警,二次设备异常告警,是,157装置报警,157装置报警
656,10kV,10kV157备用线,157开关机构,辅助设备,异常,,,PSCADA复归/告警,主设备异常告警,是,157控制回路断线,157控制回路断线
657,10kV,10kV157备用线,157线路保护,二次设备,异常,,,PSCADA复归/告警,二次设备异常告警,是,157过负荷报警,157过负荷报警
658,10kV,10kV157备用线,157开关机构,辅助设备,异常,,,PSCADA已储能/未储能,主设备异常告警,是,157弹簧未储能,157弹簧未储能
659,10kV,10kV157备用线,157线路保护,二次设备,告知,,,PSCADA远方/就地,一般遥信,是,157测控屏远方/就地,157测控屏远方/就地
660,10kV,10kV157备用线,157线路保护,二次设备,变位,,,PSCADA退出/投入,一般遥信,是,157闭锁重合压板,157闭锁重合压板
661,10kV,10kV157备用线,157线路保护,二次设备,告知,,,PSCADA分位/合位,一般遥信,是,157信号复归开入,157信号复归开入
662,10kV,10kV157备用线,157线路保护,二次设备,异常,,,PSCADA退出/投入,一般遥信,是,157装置检修,157装置检修
663,10kV,10kV157备用线,157开关机构,辅助设备,异常,,,PSCADA复归/告警,主设备异常告警,是,157储能电源跳闸,157储能电源跳闸
664,10kV,10kV157备用线,157开关机构,辅助设备,异常,,,PSCADA复归/告警,主设备异常告警,是,157电缆室/开关室加热器故障,157电缆室/开关室加热器故障
665,10kV,10kV157备用线,157线路保护,二次设备,异常,,,PSCADA恢复/中断,二次设备故障告警,是,157网络通讯正常,157网络通讯正常
666,10kV,10kV奥朗斯线,159线路保护,二次设备,事故,,,PSCADA复归/动作,保护事件,是,159重合闸动作,159重合闸动作
667,10kV,10kV奥朗斯线,159线路保护,二次设备,事故,,,PSCADA复归/动作,保护事件,是,159过流Ⅰ段动作（速断）,159过流Ⅰ段动作（速断）
668,10kV,10kV奥朗斯线,159线路保护,二次设备,事故,,,PSCADA复归/动作,保护事件,是,159过流Ⅱ段动作（过流）,159过流Ⅱ段动作（过流）
669,10kV,10kV奥朗斯线,159线路保护,二次设备,异常,,,PSCADA复归/告警,二次设备异常告警,是,159装置报警,159装置报警
670,10kV,10kV奥朗斯线,159开关机构,辅助设备,异常,,,PSCADA复归/告警,主设备异常告警,是,159控制回路断线,159控制回路断线
671,10kV,10kV奥朗斯线,159线路保护,二次设备,异常,,,PSCADA复归/告警,二次设备异常告警,是,159过负荷报警,159过负荷报警
672,10kV,10kV奥朗斯线,159开关机构,辅助设备,异常,,,PSCADA已储能/未储能,主设备异常告警,是,159弹簧未储能,159弹簧未储能
673,10kV,10kV奥朗斯线,159线路保护,二次设备,告知,,,PSCADA远方/就地,一般遥信,是,159测控屏远方/就地,159测控屏远方/就地
674,10kV,10kV奥朗斯线,159线路保护,二次设备,变位,,,PSCADA退出/投入,一般遥信,是,159闭锁重合压板,159闭锁重合压板
675,10kV,10kV奥朗斯线,159线路保护,二次设备,告知,,,PSCADA分位/合位,一般遥信,是,159信号复归开入,159信号复归开入
676,10kV,10kV奥朗斯线,159线路保护,二次设备,异常,,,PSCADA退出/投入,一般遥信,是,159装置检修,159装置检修
677,10kV,10kV奥朗斯线,159开关机构,辅助设备,异常,,,PSCADA复归/告警,主设备异常告警,是,159储能电源跳闸,159储能电源跳闸
678,10kV,10kV奥朗斯线,159开关机构,辅助设备,异常,,,PSCADA复归/告警,主设备异常告警,是,159电缆室/开关室加热器故障,159电缆室/开关室加热器故障
679,10kV,10kV奥朗斯线,159线路保护,二次设备,异常,,,PSCADA恢复/中断,二次设备故障告警,是,159网络通讯正常,159网络通讯正常
680,10kV,10kV董标垡线,161线路保护,二次设备,事故,,,PSCADA复归/动作,保护事件,是,161重合闸动作,161重合闸动作
681,10kV,10kV董标垡线,161线路保护,二次设备,事故,,,PSCADA复归/动作,保护事件,是,161过流Ⅰ段动作（速断）,161过流Ⅰ段动作（速断）
682,10kV,10kV董标垡线,161线路保护,二次设备,事故,,,PSCADA复归/动作,保护事件,是,161过流Ⅱ段动作（过流）,161过流Ⅱ段动作（过流）
683,10kV,10kV董标垡线,161线路保护,二次设备,异常,,,PSCADA复归/告警,二次设备异常告警,是,161装置报警,161装置报警
684,10kV,10kV董标垡线,161开关机构,辅助设备,异常,,,PSCADA复归/告警,主设备异常告警,是,161控制回路断线,161控制回路断线
685,10kV,10kV董标垡线,161线路保护,二次设备,异常,,,PSCADA复归/告警,二次设备异常告警,是,161过负荷报警,161过负荷报警
686,10kV,10kV董标垡线,161开关机构,辅助设备,异常,,,PSCADA已储能/未储能,主设备异常告警,是,161弹簧未储能,161弹簧未储能
687,10kV,10kV董标垡线,161线路保护,二次设备,告知,,,PSCADA远方/就地,一般遥信,是,161测控屏远方/就地,161测控屏远方/就地
688,10kV,10kV董标垡线,161线路保护,二次设备,变位,,,PSCADA退出/投入,一般遥信,是,161闭锁重合压板,161闭锁重合压板
689,10kV,10kV董标垡线,161线路保护,二次设备,告知,,,PSCADA分位/合位,一般遥信,是,161信号复归开入,161信号复归开入
690,10kV,10kV董标垡线,161线路保护,二次设备,异常,,,PSCADA退出/投入,一般遥信,是,161装置检修,161装置检修
691,10kV,10kV董标垡线,161开关机构,辅助设备,异常,,,PSCADA复归/告警,主设备异常告警,是,161储能电源跳闸,161储能电源跳闸
692,10kV,10kV董标垡线,161开关机构,辅助设备,异常,,,PSCADA复归/告警,主设备异常告警,是,161电缆室/开关室加热器故障,161电缆室/开关室加热器故障
693,10kV,10kV董标垡线,161线路保护,二次设备,异常,,,PSCADA恢复/中断,二次设备故障告警,是,161网络通讯正常,161网络通讯正常
694,10kV,10kV150接地变,150接地变保护,二次设备,事故,,,PSCADA复归/动作,保护事件,是,150重合闸动作,150重合闸动作
695,10kV,10kV150接地变,150接地变保护,二次设备,事故,,,PSCADA复归/动作,保护事件,是,150过流Ⅰ段动作（速断）,150过流Ⅰ段动作（速断）
696,10kV,10kV150接地变,150接地变保护,二次设备,事故,,,PSCADA复归/动作,保护事件,是,150过流Ⅱ段动作（过流）,150过流Ⅱ段动作（过流）
697,10kV,10kV150接地变,150接地变保护,二次设备,异常,,,PSCADA复归/告警,二次设备异常告警,是,150装置报警,150装置报警
698,10kV,10kV150接地变,150开关机构,辅助设备,异常,,,PSCADA复归/告警,主设备异常告警,是,150控制回路断线,150控制回路断线
699,10kV,10kV150接地变,150接地变保护,二次设备,异常,,,PSCADA复归/告警,二次设备异常告警,是,150过负荷报警,150过负荷报警
700,10kV,10kV150接地变,150开关机构,辅助设备,异常,,,PSCADA已储能/未储能,主设备异常告警,是,150弹簧未储能,150弹簧未储能
701,10kV,10kV150接地变,150接地变保护,二次设备,告知,,,PSCADA远方/就地,一般遥信,是,150测控屏远方/就地,150测控屏远方/就地
702,10kV,10kV150接地变,150接地变保护,二次设备,变位,,,PSCADA退出/投入,一般遥信,是,150闭锁重合压板,150闭锁重合压板
703,10kV,10kV150接地变,150接地变保护,二次设备,告知,,,PSCADA分位/合位,一般遥信,是,150信号复归开入,150信号复归开入
704,10kV,10kV150接地变,150接地变保护,二次设备,异常,,,PSCADA退出/投入,一般遥信,是,150装置检修,150装置检修
705,10kV,10kV150接地变,150开关机构,辅助设备,异常,,,PSCADA复归/告警,主设备异常告警,是,150储能电源跳闸,150储能电源跳闸
706,10kV,10kV150接地变,150开关机构,辅助设备,异常,,,PSCADA复归/告警,主设备异常告警,是,150电缆室/开关室加热器故障,150电缆室/开关室加热器故障
707,10kV,10kV150接地变,150接地变保护,二次设备,异常,,,PSCADA恢复/中断,二次设备故障告警,是,150网络通讯正常,150网络通讯正常
708,10kV,10kV165备用线,165线路保护,二次设备,事故,,,PSCADA复归/动作,保护事件,是,165重合闸动作,165重合闸动作
709,10kV,10kV165备用线,165线路保护,二次设备,事故,,,PSCADA复归/动作,保护事件,是,165过流Ⅰ段动作（速断）,165过流Ⅰ段动作（速断）
710,10kV,10kV165备用线,165线路保护,二次设备,事故,,,PSCADA复归/动作,保护事件,是,165过流Ⅱ段动作（过流）,165过流Ⅱ段动作（过流）
711,10kV,10kV165备用线,165线路保护,二次设备,异常,,,PSCADA复归/告警,二次设备异常告警,是,165装置报警,165装置报警
712,10kV,10kV165备用线,165开关机构,辅助设备,异常,,,PSCADA复归/告警,主设备异常告警,是,165控制回路断线,165控制回路断线
713,10kV,10kV165备用线,165线路保护,二次设备,异常,,,PSCADA复归/告警,二次设备异常告警,是,165过负荷报警,165过负荷报警
714,10kV,10kV165备用线,165开关机构,辅助设备,异常,,,PSCADA已储能/未储能,主设备异常告警,是,165弹簧未储能,165弹簧未储能
715,10kV,10kV165备用线,165线路保护,二次设备,告知,,,PSCADA远方/就地,一般遥信,是,165测控屏远方/就地,165测控屏远方/就地
716,10kV,10kV165备用线,165线路保护,二次设备,变位,,,PSCADA退出/投入,一般遥信,是,165闭锁重合压板,165闭锁重合压板
717,10kV,10kV165备用线,165线路保护,二次设备,告知,,,PSCADA分位/合位,一般遥信,是,165信号复归开入,165信号复归开入
718,10kV,10kV165备用线,165线路保护,二次设备,异常,,,PSCADA退出/投入,一般遥信,是,165装置检修,165装置检修
719,10kV,10kV165备用线,165开关机构,辅助设备,异常,,,PSCADA复归/告警,主设备异常告警,是,165储能电源跳闸,165储能电源跳闸
720,10kV,10kV165备用线,165开关机构,辅助设备,异常,,,PSCADA复归/告警,主设备异常告警,是,165电缆室/开关室加热器故障,165电缆室/开关室加热器故障
721,10kV,10kV165备用线,165线路保护,二次设备,异常,,,PSCADA恢复/中断,二次设备故障告警,是,165网络通讯正常,165网络通讯正常
722,10kV,10kV马圈东线,152线路保护,二次设备,事故,,,PSCADA复归/动作,保护事件,是,152重合闸动作,152重合闸动作
723,10kV,10kV马圈东线,152线路保护,二次设备,事故,,,PSCADA复归/动作,保护事件,是,152过流Ⅰ段动作（速断）,152过流Ⅰ段动作（速断）
724,10kV,10kV马圈东线,152线路保护,二次设备,事故,,,PSCADA复归/动作,保护事件,是,152过流Ⅱ段动作（过流）,152过流Ⅱ段动作（过流）
725,10kV,10kV马圈东线,152线路保护,二次设备,异常,,,PSCADA复归/告警,二次设备异常告警,是,152装置报警,152装置报警
726,10kV,10kV马圈东线,152开关机构,辅助设备,异常,,,PSCADA复归/告警,主设备异常告警,是,152控制回路断线,152控制回路断线
727,10kV,10kV马圈东线,152线路保护,二次设备,异常,,,PSCADA复归/告警,二次设备异常告警,是,152过负荷报警,152过负荷报警
728,10kV,10kV马圈东线,152开关机构,辅助设备,异常,,,PSCADA已储能/未储能,主设备异常告警,是,152弹簧未储能,152弹簧未储能
729,10kV,10kV马圈东线,152线路保护,二次设备,告知,,,PSCADA远方/就地,一般遥信,是,152测控屏远方/就地,152测控屏远方/就地
730,10kV,10kV马圈东线,152线路保护,二次设备,变位,,,PSCADA退出/投入,一般遥信,是,152闭锁重合压板,152闭锁重合压板
731,10kV,10kV马圈东线,152线路保护,二次设备,告知,,,PSCADA分位/合位,一般遥信,是,152信号复归开入,152信号复归开入
732,10kV,10kV马圈东线,152线路保护,二次设备,异常,,,PSCADA退出/投入,一般遥信,是,152装置检修,152装置检修
733,10kV,10kV马圈东线,152开关机构,辅助设备,异常,,,PSCADA复归/告警,主设备异常告警,是,152储能电源跳闸,152储能电源跳闸
734,10kV,10kV马圈东线,152开关机构,辅助设备,异常,,,PSCADA复归/告警,主设备异常告警,是,152电缆室/开关室加热器故障,152电缆室/开关室加热器故障
735,10kV,10kV马圈东线,152线路保护,二次设备,异常,,,PSCADA恢复/中断,二次设备故障告警,是,152网络通讯正常,152网络通讯正常
736,10kV,10kV马圈西线,154线路保护,二次设备,事故,,,PSCADA复归/动作,保护事件,是,154重合闸动作,154重合闸动作
737,10kV,10kV马圈西线,154线路保护,二次设备,事故,,,PSCADA复归/动作,保护事件,是,154过流Ⅰ段动作（速断）,154过流Ⅰ段动作（速断）
738,10kV,10kV马圈西线,154线路保护,二次设备,事故,,,PSCADA复归/动作,保护事件,是,154过流Ⅱ段动作（过流）,154过流Ⅱ段动作（过流）
739,10kV,10kV马圈西线,154线路保护,二次设备,异常,,,PSCADA复归/告警,二次设备异常告警,是,154装置报警,154装置报警
740,10kV,10kV马圈西线,154开关机构,辅助设备,异常,,,PSCADA复归/告警,主设备异常告警,是,154控制回路断线,154控制回路断线
741,10kV,10kV马圈西线,154线路保护,二次设备,异常,,,PSCADA复归/告警,二次设备异常告警,是,154过负荷报警,154过负荷报警
742,10kV,10kV马圈西线,154开关机构,辅助设备,异常,,,PSCADA已储能/未储能,主设备异常告警,是,154弹簧未储能,154弹簧未储能
743,10kV,10kV马圈西线,154线路保护,二次设备,告知,,,PSCADA远方/就地,一般遥信,是,154测控屏远方/就地,154测控屏远方/就地
744,10kV,10kV马圈西线,154线路保护,二次设备,变位,,,PSCADA退出/投入,一般遥信,是,154闭锁重合压板,154闭锁重合压板
745,10kV,10kV马圈西线,154线路保护,二次设备,告知,,,PSCADA分位/合位,一般遥信,是,154信号复归开入,154信号复归开入
746,10kV,10kV马圈西线,154线路保护,二次设备,异常,,,PSCADA退出/投入,一般遥信,是,154装置检修,154装置检修
747,10kV,10kV马圈西线,154开关机构,辅助设备,异常,,,PSCADA复归/告警,主设备异常告警,是,154储能电源跳闸,154储能电源跳闸
748,10kV,10kV马圈西线,154开关机构,辅助设备,异常,,,PSCADA复归/告警,主设备异常告警,是,154电缆室/开关室加热器故障,154电缆室/开关室加热器故障
749,10kV,10kV马圈西线,154线路保护,二次设备,异常,,,PSCADA恢复/中断,二次设备故障告警,是,154网络通讯正常,154网络通讯正常
750,10kV,10kV和瑞园线,156线路保护,二次设备,事故,,,PSCADA复归/动作,保护事件,是,156重合闸动作,156重合闸动作
751,10kV,10kV和瑞园线,156线路保护,二次设备,事故,,,PSCADA复归/动作,保护事件,是,156过流Ⅰ段动作（速断）,156过流Ⅰ段动作（速断）
752,10kV,10kV和瑞园线,156线路保护,二次设备,事故,,,PSCADA复归/动作,保护事件,是,156过流Ⅱ段动作（过流）,156过流Ⅱ段动作（过流）
753,10kV,10kV和瑞园线,156线路保护,二次设备,异常,,,PSCADA复归/告警,二次设备异常告警,是,156装置报警,156装置报警
754,10kV,10kV和瑞园线,156开关机构,辅助设备,异常,,,PSCADA复归/告警,主设备异常告警,是,156控制回路断线,156控制回路断线
755,10kV,10kV和瑞园线,156线路保护,二次设备,异常,,,PSCADA复归/告警,二次设备异常告警,是,156过负荷报警,156过负荷报警
756,10kV,10kV和瑞园线,156开关机构,辅助设备,异常,,,PSCADA已储能/未储能,主设备异常告警,是,156弹簧未储能,156弹簧未储能
757,10kV,10kV和瑞园线,156线路保护,二次设备,告知,,,PSCADA远方/就地,一般遥信,是,156测控屏远方/就地,156测控屏远方/就地
758,10kV,10kV和瑞园线,156线路保护,二次设备,变位,,,PSCADA退出/投入,一般遥信,是,156闭锁重合压板,156闭锁重合压板
759,10kV,10kV和瑞园线,156线路保护,二次设备,告知,,,PSCADA分位/合位,一般遥信,是,156信号复归开入,156信号复归开入
760,10kV,10kV和瑞园线,156线路保护,二次设备,异常,,,PSCADA退出/投入,一般遥信,是,156装置检修,156装置检修
761,10kV,10kV和瑞园线,156开关机构,辅助设备,异常,,,PSCADA复归/告警,主设备异常告警,是,156储能电源跳闸,156储能电源跳闸
762,10kV,10kV和瑞园线,156开关机构,辅助设备,异常,,,PSCADA复归/告警,主设备异常告警,是,156电缆室/开关室加热器故障,156电缆室/开关室加热器故障
763,10kV,10kV和瑞园线,156线路保护,二次设备,异常,,,PSCADA恢复/中断,二次设备故障告警,是,156网络通讯正常,156网络通讯正常
764,10kV,10kV汇利线,158线路保护,二次设备,事故,,,PSCADA复归/动作,保护事件,是,158重合闸动作,158重合闸动作
765,10kV,10kV汇利线,158线路保护,二次设备,事故,,,PSCADA复归/动作,保护事件,是,158过流Ⅰ段动作（速断）,158过流Ⅰ段动作（速断）
766,10kV,10kV汇利线,158线路保护,二次设备,事故,,,PSCADA复归/动作,保护事件,是,158过流Ⅱ段动作（过流）,158过流Ⅱ段动作（过流）
767,10kV,10kV汇利线,158线路保护,二次设备,异常,,,PSCADA复归/告警,二次设备异常告警,是,158装置报警,158装置报警
768,10kV,10kV汇利线,158开关机构,辅助设备,异常,,,PSCADA复归/告警,主设备异常告警,是,158控制回路断线,158控制回路断线
769,10kV,10kV汇利线,158线路保护,二次设备,异常,,,PSCADA复归/告警,二次设备异常告警,是,158过负荷报警,158过负荷报警
770,10kV,10kV汇利线,158开关机构,辅助设备,异常,,,PSCADA已储能/未储能,主设备异常告警,是,158弹簧未储能,158弹簧未储能
771,10kV,10kV汇利线,158线路保护,二次设备,告知,,,PSCADA远方/就地,一般遥信,是,158测控屏远方/就地,158测控屏远方/就地
772,10kV,10kV汇利线,158线路保护,二次设备,变位,,,PSCADA退出/投入,一般遥信,是,158闭锁重合压板,158闭锁重合压板
773,10kV,10kV汇利线,158线路保护,二次设备,告知,,,PSCADA分位/合位,一般遥信,是,158信号复归开入,158信号复归开入
774,10kV,10kV汇利线,158线路保护,二次设备,异常,,,PSCADA退出/投入,一般遥信,是,158装置检修,158装置检修
775,10kV,10kV汇利线,158开关机构,辅助设备,异常,,,PSCADA复归/告警,主设备异常告警,是,158储能电源跳闸,158储能电源跳闸
776,10kV,10kV汇利线,158开关机构,辅助设备,异常,,,PSCADA复归/告警,主设备异常告警,是,158电缆室/开关室加热器故障,158电缆室/开关室加热器故障
777,10kV,10kV汇利线,158线路保护,二次设备,异常,,,PSCADA恢复/中断,二次设备故障告警,是,158网络通讯正常,158网络通讯正常
778,10kV,10kV162备用线,162线路保护,二次设备,事故,,,PSCADA复归/动作,保护事件,是,162重合闸动作,162重合闸动作
779,10kV,10kV162备用线,162线路保护,二次设备,事故,,,PSCADA复归/动作,保护事件,是,162过流Ⅰ段动作（速断）,162过流Ⅰ段动作（速断）
780,10kV,10kV162备用线,162线路保护,二次设备,事故,,,PSCADA复归/动作,保护事件,是,162过流Ⅱ段动作（过流）,162过流Ⅱ段动作（过流）
781,10kV,10kV162备用线,162线路保护,二次设备,异常,,,PSCADA复归/告警,二次设备异常告警,是,162装置报警,162装置报警
782,10kV,10kV162备用线,162开关机构,辅助设备,异常,,,PSCADA复归/告警,主设备异常告警,是,162控制回路断线,162控制回路断线
783,10kV,10kV162备用线,162线路保护,二次设备,异常,,,PSCADA复归/告警,二次设备异常告警,是,162过负荷报警,162过负荷报警
784,10kV,10kV162备用线,162开关机构,辅助设备,异常,,,PSCADA已储能/未储能,主设备异常告警,是,162弹簧未储能,162弹簧未储能
785,10kV,10kV162备用线,162线路保护,二次设备,告知,,,PSCADA远方/就地,一般遥信,是,162测控屏远方/就地,162测控屏远方/就地
786,10kV,10kV162备用线,162线路保护,二次设备,变位,,,PSCADA退出/投入,一般遥信,是,162闭锁重合压板,162闭锁重合压板
787,10kV,10kV162备用线,162线路保护,二次设备,告知,,,PSCADA分位/合位,一般遥信,是,162信号复归开入,162信号复归开入
788,10kV,10kV162备用线,162线路保护,二次设备,异常,,,PSCADA退出/投入,一般遥信,是,162装置检修,162装置检修
789,10kV,10kV162备用线,162开关机构,辅助设备,异常,,,PSCADA复归/告警,主设备异常告警,是,162储能电源跳闸,162储能电源跳闸
790,10kV,10kV162备用线,162开关机构,辅助设备,异常,,,PSCADA复归/告警,主设备异常告警,是,162电缆室/开关室加热器故障,162电缆室/开关室加热器故障
791,10kV,10kV162备用线,162线路保护,二次设备,异常,,,PSCADA恢复/中断,二次设备故障告警,是,162网络通讯正常,162网络通讯正常
792,10kV,10kV颐西湖线,164线路保护,二次设备,事故,,,PSCADA复归/动作,保护事件,是,164重合闸动作,164重合闸动作
793,10kV,10kV颐西湖线,164线路保护,二次设备,事故,,,PSCADA复归/动作,保护事件,是,164过流Ⅰ段动作（速断）,164过流Ⅰ段动作（速断）
794,10kV,10kV颐西湖线,164线路保护,二次设备,事故,,,PSCADA复归/动作,保护事件,是,164过流Ⅱ段动作（过流）,164过流Ⅱ段动作（过流）
795,10kV,10kV颐西湖线,164线路保护,二次设备,异常,,,PSCADA复归/告警,二次设备异常告警,是,164装置报警,164装置报警
796,10kV,10kV颐西湖线,164开关机构,辅助设备,异常,,,PSCADA复归/告警,主设备异常告警,是,164控制回路断线,164控制回路断线
797,10kV,10kV颐西湖线,164线路保护,二次设备,异常,,,PSCADA复归/告警,二次设备异常告警,是,164过负荷报警,164过负荷报警
798,10kV,10kV颐西湖线,164开关机构,辅助设备,异常,,,PSCADA已储能/未储能,主设备异常告警,是,164弹簧未储能,164弹簧未储能
799,10kV,10kV颐西湖线,164线路保护,二次设备,告知,,,PSCADA远方/就地,一般遥信,是,164测控屏远方/就地,164测控屏远方/就地
800,10kV,10kV颐西湖线,164线路保护,二次设备,变位,,,PSCADA退出/投入,一般遥信,是,164闭锁重合压板,164闭锁重合压板
801,10kV,10kV颐西湖线,164线路保护,二次设备,告知,,,PSCADA分位/合位,一般遥信,是,164信号复归开入,164信号复归开入
802,10kV,10kV颐西湖线,164线路保护,二次设备,异常,,,PSCADA退出/投入,一般遥信,是,164装置检修,164装置检修
803,10kV,10kV颐西湖线,164开关机构,辅助设备,异常,,,PSCADA复归/告警,主设备异常告警,是,164储能电源跳闸,164储能电源跳闸
804,10kV,10kV颐西湖线,164开关机构,辅助设备,异常,,,PSCADA复归/告警,主设备异常告警,是,164电缆室/开关室加热器故障,164电缆室/开关室加热器故障
805,10kV,10kV颐西湖线,164线路保护,二次设备,异常,,,PSCADA恢复/中断,二次设备故障告警,是,164网络通讯正常,164网络通讯正常
806,10kV,10kV160接地变,160接地变保护,二次设备,事故,,,PSCADA复归/动作,保护事件,是,160重合闸动作,160重合闸动作
807,10kV,10kV160接地变,160接地变保护,二次设备,事故,,,PSCADA复归/动作,保护事件,是,160过流Ⅰ段动作（速断）,160过流Ⅰ段动作（速断）
808,10kV,10kV160接地变,160接地变保护,二次设备,事故,,,PSCADA复归/动作,保护事件,是,160过流Ⅱ段动作（过流）,160过流Ⅱ段动作（过流）
809,10kV,10kV160接地变,160接地变保护,二次设备,异常,,,PSCADA复归/告警,二次设备异常告警,是,160装置报警,160装置报警
810,10kV,10kV160接地变,160开关机构,辅助设备,异常,,,PSCADA复归/告警,主设备异常告警,是,160控制回路断线,160控制回路断线
811,10kV,10kV160接地变,160接地变保护,二次设备,异常,,,PSCADA复归/告警,二次设备异常告警,是,160过负荷报警,160过负荷报警
812,10kV,10kV160接地变,160开关机构,辅助设备,异常,,,PSCADA已储能/未储能,主设备异常告警,是,160弹簧未储能,160弹簧未储能
813,10kV,10kV160接地变,160接地变保护,二次设备,告知,,,PSCADA远方/就地,一般遥信,是,160测控屏远方/就地,160测控屏远方/就地
814,10kV,10kV160接地变,160接地变保护,二次设备,变位,,,PSCADA退出/投入,一般遥信,是,160闭锁重合压板,160闭锁重合压板
815,10kV,10kV160接地变,160接地变保护,二次设备,告知,,,PSCADA分位/合位,一般遥信,是,160信号复归开入,160信号复归开入
816,10kV,10kV160接地变,160接地变保护,二次设备,异常,,,PSCADA退出/投入,一般遥信,是,160装置检修,160装置检修
817,10kV,10kV160接地变,160开关机构,辅助设备,异常,,,PSCADA复归/告警,主设备异常告警,是,160储能电源跳闸,160储能电源跳闸
818,10kV,10kV160接地变,160开关机构,辅助设备,异常,,,PSCADA复归/告警,主设备异常告警,是,160电缆室/开关室加热器故障,160电缆室/开关室加热器故障
819,10kV,10kV160接地变,160接地变保护,二次设备,异常,,,PSCADA恢复/中断,二次设备故障告警,是,160网络通讯正常,160网络通讯正常
820,10kV,10kV168备用线,168线路保护,二次设备,事故,,,PSCADA复归/动作,保护事件,是,168重合闸动作,168重合闸动作
821,10kV,10kV168备用线,168线路保护,二次设备,事故,,,PSCADA复归/动作,保护事件,是,168过流Ⅰ段动作（速断）,168过流Ⅰ段动作（速断）
822,10kV,10kV168备用线,168线路保护,二次设备,事故,,,PSCADA复归/动作,保护事件,是,168过流Ⅱ段动作（过流）,168过流Ⅱ段动作（过流）
823,10kV,10kV168备用线,168线路保护,二次设备,异常,,,PSCADA复归/告警,二次设备异常告警,是,168装置报警,168装置报警
824,10kV,10kV168备用线,168开关机构,辅助设备,异常,,,PSCADA复归/告警,主设备异常告警,是,168控制回路断线,168控制回路断线
825,10kV,10kV168备用线,168线路保护,二次设备,异常,,,PSCADA复归/告警,二次设备异常告警,是,168过负荷报警,168过负荷报警
826,10kV,10kV168备用线,168开关机构,辅助设备,异常,,,PSCADA已储能/未储能,主设备异常告警,是,168弹簧未储能,168弹簧未储能
827,10kV,10kV168备用线,168线路保护,二次设备,告知,,,PSCADA远方/就地,一般遥信,是,168测控屏远方/就地,168测控屏远方/就地
828,10kV,10kV168备用线,168线路保护,二次设备,变位,,,PSCADA退出/投入,一般遥信,是,168闭锁重合压板,168闭锁重合压板
829,10kV,10kV168备用线,168线路保护,二次设备,告知,,,PSCADA分位/合位,一般遥信,是,168信号复归开入,168信号复归开入
830,10kV,10kV168备用线,168线路保护,二次设备,异常,,,PSCADA退出/投入,一般遥信,是,168装置检修,168装置检修
831,10kV,10kV168备用线,168开关机构,辅助设备,异常,,,PSCADA复归/告警,主设备异常告警,是,168储能电源跳闸,168储能电源跳闸
832,10kV,10kV168备用线,168开关机构,辅助设备,异常,,,PSCADA复归/告警,主设备异常告警,是,168电缆室/开关室加热器故障,168电缆室/开关室加热器故障
833,10kV,10kV168备用线,168线路保护,二次设备,异常,,,PSCADA恢复/中断,二次设备故障告警,是,168网络通讯正常,168网络通讯正常
834,10kV,10kV2061电容器,2061电容器保护,二次设备,事故,,,PSCADA复归/动作,保护事件,是,2061过流Ⅰ段动作（速断）,2061过流Ⅰ段动作（速断）
835,10kV,10kV2061电容器,2061电容器保护,二次设备,事故,,,PSCADA复归/动作,保护事件,是,2061过流Ⅱ段动作（过流）,2061过流Ⅱ段动作（过流）
836,10kV,10kV2061电容器,2061电容器保护,二次设备,事故,,,PSCADA复归/动作,保护事件,是,2061过电压动作,2061过电压动作
837,10kV,10kV2061电容器,2061电容器保护,二次设备,事故,,,PSCADA复归/动作,保护事件,是,2061低电压动作,2061低电压动作
838,10kV,10kV2061电容器,2061电容器保护,二次设备,事故,,,PSCADA复归/动作,保护事件,是,2061不平衡电压1动作,2061不平衡电压1动作
839,10kV,10kV2061电容器,2061电容器保护,二次设备,事故,,,PSCADA复归/动作,保护事件,是,2061不平衡电压2动作,2061不平衡电压2动作
840,10kV,10kV2061电容器,2061电容器保护,二次设备,异常,,,PSCADA复归/告警,二次设备异常告警,是,2061装置报警,2061装置报警
841,10kV,10kV2061电容器,2061电容器保护,二次设备,异常,,,PSCADA复归/告警,二次设备异常告警,是,2061PT断线,2061PT断线
842,10kV,10kV2061电容器,2061开关机构,辅助设备,异常,,,PSCADA复归/告警,主设备异常告警,是,2061控制回路断线,2061控制回路断线
843,10kV,10kV2061电容器,2061开关机构,辅助设备,异常,,,PSCADA已储能/未储能,主设备异常告警,是,2061弹簧未储能,2061弹簧未储能
844,10kV,10kV2061电容器,2061电容器保护,二次设备,告知,,,PSCADA远方/就地,一般遥信,是,2061测控屏远方/就地,2061测控屏远方/就地
845,10kV,10kV2061电容器,2061电容器保护,二次设备,变位,,,PSCADA退出/投入,软压板,是,2061投低电压保护,2061投低电压保护
846,10kV,10kV2061电容器,2061电容器保护,二次设备,告知,,,PSCADA分位/合位,一般遥信,是,2061信号复归开入,2061信号复归开入
847,10kV,10kV2061电容器,2061电容器保护,二次设备,异常,,,PSCADA退出/投入,一般遥信,是,2061装置检修,2061装置检修
848,10kV,10kV2061电容器,2061开关机构,辅助设备,异常,,,PSCADA复归/告警,主设备异常告警,是,2061储能电源跳闸,2061储能电源跳闸
849,10kV,10kV2061电容器,2061开关机构,辅助设备,异常,,,PSCADA复归/告警,主设备异常告警,是,2061加热回路故障,2061加热回路故障
850,10kV,10kV2061电容器,2061电容器保护,二次设备,异常,,,PSCADA恢复/中断,二次设备故障告警,是,2061网络通讯正常,2061网络通讯正常
851,10kV,10kV2062电容器,2062电容器保护,二次设备,事故,,,PSCADA复归/动作,保护事件,是,2062过流Ⅰ段动作（速断）,2062过流Ⅰ段动作（速断）
852,10kV,10kV2062电容器,2062电容器保护,二次设备,事故,,,PSCADA复归/动作,保护事件,是,2062过流Ⅱ段动作（过流）,2062过流Ⅱ段动作（过流）
853,10kV,10kV2062电容器,2062电容器保护,二次设备,事故,,,PSCADA复归/动作,保护事件,是,2062过电压动作,2062过电压动作
854,10kV,10kV2062电容器,2062电容器保护,二次设备,事故,,,PSCADA复归/动作,保护事件,是,2062低电压动作,2062低电压动作
855,10kV,10kV2062电容器,2062电容器保护,二次设备,事故,,,PSCADA复归/动作,保护事件,是,2062不平衡电压1动作,2062不平衡电压1动作
856,10kV,10kV2062电容器,2062电容器保护,二次设备,事故,,,PSCADA复归/动作,保护事件,是,2062不平衡电压2动作,2062不平衡电压2动作
857,10kV,10kV2062电容器,2062电容器保护,二次设备,异常,,,PSCADA复归/告警,二次设备异常告警,是,2062装置报警,2062装置报警
858,10kV,10kV2062电容器,2062电容器保护,二次设备,异常,,,PSCADA复归/告警,二次设备异常告警,是,2062PT断线,2062PT断线
859,10kV,10kV2062电容器,2062开关机构,辅助设备,异常,,,PSCADA复归/告警,主设备异常告警,是,2062控制回路断线,2062控制回路断线
860,10kV,10kV2062电容器,2062开关机构,辅助设备,异常,,,PSCADA已储能/未储能,主设备异常告警,是,2062弹簧未储能,2062弹簧未储能
861,10kV,10kV2062电容器,2062电容器保护,二次设备,告知,,,PSCADA远方/就地,一般遥信,是,2062测控屏远方/就地,2062测控屏远方/就地
863,10kV,10kV2062电容器,2062电容器保护,二次设备,告知,,,PSCADA分位/合位,一般遥信,是,2062信号复归开入,2062信号复归开入
864,10kV,10kV2062电容器,2062电容器保护,二次设备,异常,,,PSCADA退出/投入,一般遥信,是,2062装置检修,2062装置检修
865,10kV,10kV2062电容器,2062电容器保护,二次设备,变位,,,PSCADA退出/投入,软压板,是,2062投低电压保护,2062投低电压保护
866,10kV,10kV2062电容器,2062开关机构,辅助设备,异常,,,PSCADA复归/告警,主设备异常告警,是,2062储能电源跳闸,2062储能电源跳闸
867,10kV,10kV2062电容器,2062开关机构,辅助设备,异常,,,PSCADA复归/告警,主设备异常告警,是,2062加热回路故障,2062加热回路故障
868,10kV,10kV2062电容器,2062电容器保护,二次设备,异常,,,PSCADA恢复/中断,二次设备故障告警,是,2062网络通讯正常,2062网络通讯正常
869,10kV,10kV2071电容器,2071电容器保护,二次设备,事故,,,PSCADA复归/动作,保护事件,是,2071过流Ⅰ段动作（速断）,2071过流Ⅰ段动作（速断）
870,10kV,10kV2071电容器,2071电容器保护,二次设备,事故,,,PSCADA复归/动作,保护事件,是,2071过流Ⅱ段动作（过流）,2071过流Ⅱ段动作（过流）
871,10kV,10kV2071电容器,2071电容器保护,二次设备,事故,,,PSCADA复归/动作,保护事件,是,2071过电压动作,2071过电压动作
872,10kV,10kV2071电容器,2071电容器保护,二次设备,事故,,,PSCADA复归/动作,保护事件,是,2071低电压动作,2071低电压动作
873,10kV,10kV2071电容器,2071电容器保护,二次设备,事故,,,PSCADA复归/动作,保护事件,是,2071不平衡电压1动作,2071不平衡电压1动作
874,10kV,10kV2071电容器,2071电容器保护,二次设备,事故,,,PSCADA复归/动作,保护事件,是,2071不平衡电压2动作,2071不平衡电压2动作
875,10kV,10kV2071电容器,2071电容器保护,二次设备,异常,,,PSCADA复归/告警,二次设备异常告警,是,2071装置报警,2071装置报警
876,10kV,10kV2071电容器,2071电容器保护,二次设备,异常,,,PSCADA复归/告警,二次设备异常告警,是,2071PT断线,2071PT断线
877,10kV,10kV2071电容器,2071开关机构,辅助设备,异常,,,PSCADA复归/告警,主设备异常告警,是,2071控制回路断线,2071控制回路断线
878,10kV,10kV2071电容器,2071开关机构,辅助设备,异常,,,PSCADA已储能/未储能,主设备异常告警,是,2071弹簧未储能,2071弹簧未储能
879,10kV,10kV2071电容器,2071电容器保护,二次设备,告知,,,PSCADA远方/就地,一般遥信,是,2071测控屏远方/就地,2071测控屏远方/就地
880,10kV,10kV2071电容器,2071电容器保护,二次设备,变位,,,PSCADA退出/投入,软压板,是,2071投低电压保护,2071投低电压保护
881,10kV,10kV2071电容器,2071电容器保护,二次设备,告知,,,PSCADA分位/合位,一般遥信,是,2071信号复归开入,2071信号复归开入
882,10kV,10kV2071电容器,2071电容器保护,二次设备,异常,,,PSCADA退出/投入,一般遥信,是,2071装置检修,2071装置检修
883,10kV,10kV2071电容器,2071开关机构,辅助设备,异常,,,PSCADA复归/告警,主设备异常告警,是,2071储能电源跳闸,2071储能电源跳闸
884,10kV,10kV2071电容器,2071开关机构,辅助设备,异常,,,PSCADA复归/告警,主设备异常告警,是,2071加热回路故障,2071加热回路故障
885,10kV,10kV2071电容器,2071电容器保护,二次设备,异常,,,PSCADA恢复/中断,二次设备故障告警,是,2071网络通讯正常,2071网络通讯正常
886,10kV,10kV2072电容器,2072电容器保护,二次设备,事故,,,PSCADA复归/动作,保护事件,是,2072过流Ⅰ段动作（速断）,2072过流Ⅰ段动作（速断）
887,10kV,10kV2072电容器,2072电容器保护,二次设备,事故,,,PSCADA复归/动作,保护事件,是,2072过流Ⅱ段动作（过流）,2072过流Ⅱ段动作（过流）
888,10kV,10kV2072电容器,2072电容器保护,二次设备,事故,,,PSCADA复归/动作,保护事件,是,2072过电压动作,2072过电压动作
889,10kV,10kV2072电容器,2072电容器保护,二次设备,事故,,,PSCADA复归/动作,保护事件,是,2072低电压动作,2072低电压动作
890,10kV,10kV2072电容器,2072电容器保护,二次设备,事故,,,PSCADA复归/动作,保护事件,是,2072不平衡电压1动作,2072不平衡电压1动作
891,10kV,10kV2072电容器,2072电容器保护,二次设备,事故,,,PSCADA复归/动作,保护事件,是,2072不平衡电压2动作,2072不平衡电压2动作
892,10kV,10kV2072电容器,2072电容器保护,二次设备,异常,,,PSCADA复归/告警,二次设备异常告警,是,2072装置报警,2072装置报警
893,10kV,10kV2072电容器,2072电容器保护,二次设备,异常,,,PSCADA复归/告警,二次设备异常告警,是,2072PT断线,2072PT断线
894,10kV,10kV2072电容器,2072开关机构,辅助设备,异常,,,PSCADA复归/告警,主设备异常告警,是,2072控制回路断线,2072控制回路断线
895,10kV,10kV2072电容器,2072开关机构,辅助设备,异常,,,PSCADA已储能/未储能,主设备异常告警,是,2072弹簧未储能,2072弹簧未储能
896,10kV,10kV2072电容器,2072电容器保护,二次设备,告知,,,PSCADA远方/就地,一般遥信,是,2072测控屏远方/就地,2072测控屏远方/就地
897,10kV,10kV2072电容器,2072电容器保护,二次设备,变位,,,PSCADA退出/投入,软压板,是,2072投低电压保护,2072投低电压保护
898,10kV,10kV2072电容器,2072电容器保护,二次设备,告知,,,PSCADA分位/合位,一般遥信,是,2072信号复归开入,2072信号复归开入
899,10kV,10kV2072电容器,2072电容器保护,二次设备,异常,,,PSCADA退出/投入,一般遥信,是,2072装置检修,2072装置检修
900,10kV,10kV2072电容器,2072开关机构,辅助设备,异常,,,PSCADA复归/告警,主设备异常告警,是,2072储能电源跳闸,2072储能电源跳闸
901,10kV,10kV2072电容器,2072开关机构,辅助设备,异常,,,PSCADA复归/告警,主设备异常告警,是,2072加热回路故障,2072加热回路故障
902,10kV,10kV2072电容器,2072电容器保护,二次设备,异常,,,PSCADA恢复/中断,二次设备故障告警,是,2072网络通讯正常,2072网络通讯正常
903,10kV,10kV245分段,245分段保护,二次设备,变位,,,PSCADA退出/投入,软压板,是,10kV备投245自投投入,10kV备投245自投投入
904,10kV,10kV245分段,245分段保护,二次设备,事故,,,PSCADA复归/动作,保护事件,是,10kV备投245自投跳电源1-201,10kV备投245自投跳电源1-201
905,10kV,10kV245分段,245分段保护,二次设备,事故,,,PSCADA复归/动作,保护事件,是,10kV备投245自投跳电源2-202,10kV备投245自投跳电源2-202
906,10kV,10kV245分段,245分段保护,二次设备,事故,,,PSCADA复归/动作,保护事件,是,10kV备投245自投合分段245,10kV备投245自投合分段245
907,10kV,10kV245分段,245分段保护,二次设备,事故,,,PSCADA复归/动作,保护事件,是,10kV备投245充电保护动作,10kV备投245充电保护动作
908,10kV,10kV245分段,245分段保护,二次设备,异常,,,PSCADA复归/告警,二次设备异常告警,是,10kV备投245装置报警,10kV备投245装置报警
909,10kV,10kV245分段,245分段保护,二次设备,异常,,,PSCADA复归/告警,二次设备异常告警,是,10kV备投245自投总闭锁,10kV备投245自投总闭锁
910,10kV,10kV245分段,245分段保护,二次设备,异常,,,PSCADA复归/告警,二次设备异常告警,是,10kV备投245I母PT断线,10kV备投245I母PT断线
911,10kV,10kV245分段,245分段保护,二次设备,异常,,,PSCADA复归/告警,二次设备异常告警,是,10kV备投245II母PT断线,10kV备投245II母PT断线
912,10kV,10kV245分段,245分段保护,二次设备,异常,,,PSCADA放电/已充电,一般遥信,是,10kV备投245自投方式3充电,10kV备投245自投方式3充电
913,10kV,10kV245分段,245分段保护,二次设备,异常,,,PSCADA放电/已充电,一般遥信,是,10kV备投245自投方式4充电,10kV备投245自投方式4充电
914,10kV,10kV245分段,245分段保护,二次设备,事故,,,PSCADA复归/动作,保护事件,是,245短充保护过流动作,245短充保护过流动作
915,10kV,10kV245分段,245分段保护,二次设备,事故,,,PSCADA复归/动作,保护事件,是,245短充保护零序动作,245短充保护零序动作
916,10kV,10kV245分段,245分段保护,二次设备,事故,,,PSCADA复归/动作,保护事件,是,245长充保护过流一段动作,245长充保护过流一段动作
917,10kV,10kV245分段,245分段保护,二次设备,事故,,,PSCADA复归/动作,保护事件,是,245长充保护零序一段动作,245长充保护零序一段动作
918,10kV,10kV245分段,245分段保护,二次设备,异常,,,PSCADA复归/告警,二次设备异常告警,是,245独立充电保护装置报警,245独立充电保护装置报警
919,10kV,10kV245分段,245开关机构,辅助设备,异常,,,PSCADA复归/告警,主设备异常告警,是,245控制回路断线,245控制回路断线
920,10kV,10kV245分段,245开关机构,辅助设备,异常,,,PSCADA已储能/未储能,主设备异常告警,是,245弹簧未储能,245弹簧未储能
921,10kV,10kV245分段,245开关机构,辅助设备,异常,,,PSCADA复归/告警,主设备异常告警,是,245储能电源跳闸,245储能电源跳闸
922,10kV,10kV245分段,245开关机构,辅助设备,异常,,,PSCADA复归/告警,主设备异常告警,是,245开关室加热器动作,245开关室加热器动作
923,10kV,10kV245分段,245开关机构,辅助设备,异常,,,PSCADA复归/告警,主设备异常告警,是,245电缆室加热器动作,245电缆室加热器动作
924,10kV,10kV245分段,245开关机构,辅助设备,异常,,,PSCADA复归/告警,主设备异常告警,是,245开关室/电缆室加热器故障,245开关室/电缆室加热器故障
1051,110kV,公用间隔,GPS电源,二次设备,异常,,,PSCADA复归/告警,二次设备故障告警,是,GPS电源消失,GPS电源消失
1052,110kV,公用间隔,GPS电源,二次设备,异常,,,PSCADA复归/告警,二次设备异常告警,是,GPS电源异常,GPS电源异常
1053,110kV,公用间隔,35kV接地选线装置,二次设备,异常,,,PSCADA复归/告警,二次设备异常告警,是,35kV接地选线装置掉电报警,35kV接地选线装置掉电报警
1054,110kV,公用间隔,35kV接地谐振装置,二次设备,异常,,,PSCADA复归/告警,二次设备异常告警,是,35kV接地谐振告警,35kV接地谐振告警
1055,110kV,公用间隔,35kV接地选线装置,二次设备,异常,,,PSCADA复归/告警,二次设备异常告警,是,35kV接地选线装置故障告警,35kV接地选线装置故障告警
1056,110kV,公用间隔,10kV接地选线装置,二次设备,异常,,,PSCADA复归/告警,二次设备异常告警,是,10kV接地选线装置掉电报警,10kV接地选线装置掉电报警
1057,110kV,公用间隔,10kV接地谐振装置,二次设备,异常,,,PSCADA复归/告警,二次设备异常告警,是,10kV接地谐振告警,10kV接地谐振告警
1058,110kV,公用间隔,10kV接地选线装置,二次设备,异常,,,PSCADA复归/告警,二次设备异常告警,是,10kV接地选线装置故障告警,10kV接地选线装置故障告警
1059,110kV,公用间隔,辅助控制系统,辅助设备,异常,,,PSCADA复归/告警,辅设备异常告警,是,消防报警,消防报警
1060,110kV,公用间隔,故障录波器装置,二次设备,异常,,,PSCADA复归/告警,二次设备异常告警,是,1#故录启动,1#故录启动
1061,110kV,公用间隔,故障录波器装置,二次设备,异常,,,PSCADA复归/告警,二次设备故障告警,是,1#故录故障,1#故录故障
1062,110kV,公用间隔,故障录波器装置,二次设备,异常,,,PSCADA复归/告警,二次设备异常告警,是,2#故录启动,2#故录启动
1063,110kV,公用间隔,故障录波器装置,二次设备,异常,,,PSCADA复归/告警,二次设备异常告警,是,2#故录故障,2#故录故障
1064,10kV,10kV208站用变,10kV208站用变,辅助设备,异常,,,PSCADA复归/告警,主设备异常告警,是,208-0站变投入,208-0站变投入
1065,10kV,10kV208站用变,10kV208站用变,辅助设备,异常,,,PSCADA复归/告警,主设备异常告警,是,208-0温控器故障,208-0温控器故障
1066,10kV,10kV208站用变,10kV208站用变,辅助设备,异常,,,PSCADA复归/告警,主设备异常告警,是,208-0高温报警,208-0高温报警
1067,10kV,10kV208站用变,10kV208站用变,辅助设备,异常,,,PSCADA复归/告警,主设备异常告警,是,208-0超高温报警,208-0超高温报警
1068,10kV,10kV209站用变,10kV209站用变,辅助设备,异常,,,PSCADA复归/告警,主设备异常告警,是,209-0站变投入,209-0站变投入
1069,10kV,10kV209站用变,10kV209站用变,辅助设备,异常,,,PSCADA复归/告警,主设备异常告警,是,209-0温控器故障,209-0温控器故障
1070,10kV,10kV209站用变,10kV209站用变,辅助设备,异常,,,PSCADA复归/告警,主设备异常告警,是,209-0高温报警,209-0高温报警
1071,10kV,10kV209站用变,10kV209站用变,辅助设备,异常,,,PSCADA复归/告警,主设备异常告警,是,209-0超高温报警,209-0超高温报警
1072,380V,交直流间隔,交流系统,辅助设备,异常,,,PSCADA复归/告警,辅设备异常告警,是,交流屏进线空开跳闸,交流屏进线空开跳闸
1073,380V,交直流间隔,交流系统,辅助设备,异常,,,PSCADA复归/告警,辅设备异常告警,是,馈线开关跳闸,馈线开关跳闸
1074,380V,交直流间隔,UPS,辅助设备,异常,,,PSCADA复归/告警,辅设备异常告警,是,UPS失压,UPS失压
1075,10kV,10kV208站用变,10kV208站用变,辅助设备,异常,,,PSCADA复归/告警,主设备异常告警,是,208-0交流屏失压,208-0交流屏失压
1076,10kV,10kV209站用变,10kV209站用变,辅助设备,异常,,,PSCADA复归/告警,主设备异常告警,是,209-0交流屏失压,209-0交流屏失压
1077,10kV,10kV4母线,10kV4母PT,电压互感器,异常,,,PSCADA复归/告警,主设备异常告警,是,24-9PT断线,24-9PT断线
1078,10kV,10kV4母线,10kV4母PT,电压互感器,异常,,,PSCADA复归/告警,主设备异常告警,是,24-9PT加热回路故障,24-9PT加热回路故障
1079,10kV,10kV5母线,10kV5母PT,电压互感器,异常,,,PSCADA复归/告警,主设备异常告警,是,25-9PT断线,25-9PT断线
1080,10kV,10kV5母线,10kV5母PT,电压互感器,异常,,,PSCADA复归/告警,主设备异常告警,是,25-9PT加热回路故障,25-9PT加热回路故障
1081,35kV,35kV4母线,35kV4母PT,电压互感器,异常,,,PSCADA复归/告警,主设备异常告警,是,34-9PT断线,34-9PT断线
1084,35kV,35kV4母线,35kV4母PT,电压互感器,异常,,,PSCADA复归/告警,主设备异常告警,是,34-9PT加热回路故障,34-9PT加热回路故障
1086,35kV,35kV5母线,35kV5母PT,电压互感器,异常,,,PSCADA复归/告警,主设备异常告警,是,35-9PT断线,35-9PT断线
1089,35kV,35kV5母线,35kV5母PT,电压互感器,异常,,,PSCADA复归/告警,主设备异常告警,是,35-9PT加热回路故障,35-9PT加热回路故障
1091,110kV,110kV4母线,110kV4母PT,电压互感器,异常,,,PSCADA复归/告警,主设备异常告警,是,4-9PT保护回路断线,4-9PT保护回路断线
1092,110kV,110kV4母线,110kV4母PT,电压互感器,异常,,,PSCADA复归/告警,主设备异常告警,是,4-9PT计量回路断线,4-9PT计量回路断线
1093,110kV,110kV5母线,110kV5母PT,电压互感器,异常,,,PSCADA复归/告警,主设备异常告警,是,5-9PT保护回路断线,5-9PT保护回路断线
1094,110kV,110kV5母线,110kV5母PT,电压互感器,异常,,,PSCADA复归/告警,主设备异常告警,是,5-9PT计量回路断线,5-9PT计量回路断线
1095,380V,交直流间隔,UPS,辅助设备,异常,,,PSCADA复归/告警,辅设备故障告警,是,UPS直流故障,UPS直流故障
1096,380V,交直流间隔,UPS,辅助设备,异常,,,PSCADA复归/告警,辅设备故障告警,是,UPS交流故障,UPS交流故障
1097,380V,交直流间隔,UPS,辅助设备,异常,,,PSCADA复归/告警,辅设备故障告警,是,UPS故障,UPS故障
1098,380V,交直流间隔,UPS,辅助设备,异常,,,PSCADA复归/告警,辅设备异常告警,是,UPS逆变异常,UPS逆变异常
1099,380V,交直流间隔,直流屏接地监测,辅助设备,异常,,,PSCADA复归/告警,辅设备异常告警,是,直流屏接地监测2#线路-110kV储能1#接地,直流屏接地监测2#线路-110kV储能1#接地
1100,380V,交直流间隔,直流屏接地监测,辅助设备,异常,,,PSCADA复归/告警,辅设备异常告警,是,直流屏接地监测4#线路-110kV控制1#接地,直流屏接地监测4#线路-110kV控制1#接地
1101,380V,交直流间隔,直流屏接地监测,辅助设备,异常,,,PSCADA复归/告警,辅设备异常告警,是,直流屏接地监测5#线路-UPS电源接地,直流屏接地监测5#线路-UPS电源接地
1102,380V,交直流间隔,直流屏接地监测,辅助设备,异常,,,PSCADA复归/告警,辅设备异常告警,是,直流屏接地监测6#线路-35kV控制1#接地,直流屏接地监测6#线路-35kV控制1#接地
1103,380V,交直流间隔,直流屏接地监测,辅助设备,异常,,,PSCADA复归/告警,辅设备异常告警,是,直流屏接地监测7#线路-10kV控制1#接地,直流屏接地监测7#线路-10kV控制1#接地
1104,380V,交直流间隔,直流屏接地监测,辅助设备,异常,,,PSCADA复归/告警,辅设备异常告警,是,直流屏接地监测9#线路-保护屏1#电源接地,直流屏接地监测9#线路-保护屏1#电源接地
1105,380V,交直流间隔,直流屏接地监测,辅助设备,异常,,,PSCADA复归/告警,辅设备异常告警,是,直流屏接地监测11#线路-电度表屏电源接地,直流屏接地监测11#线路-电度表屏电源接地
1106,380V,交直流间隔,直流屏接地监测,辅助设备,异常,,,PSCADA复归/告警,辅设备异常告警,是,直流屏接地监测13#线路-110KV控制2#接地,直流屏接地监测13#线路-110KV控制2#接地
1107,380V,交直流间隔,直流屏接地监测,辅助设备,异常,,,PSCADA复归/告警,辅设备异常告警,是,直流屏接地监测14#线路-110kV储能2#接地,直流屏接地监测14#线路-110kV储能2#接地
1108,380V,交直流间隔,直流屏接地监测,辅助设备,异常,,,PSCADA复归/告警,辅设备异常告警,是,直流屏接地监测15#线路-35kV控制2#接地,直流屏接地监测15#线路-35kV控制2#接地
1109,380V,交直流间隔,直流屏接地监测,辅助设备,异常,,,PSCADA复归/告警,辅设备异常告警,是,直流屏接地监测16#线路-10kV控制2#接地,直流屏接地监测16#线路-10kV控制2#接地
1110,380V,交直流间隔,直流屏接地监测,辅助设备,异常,,,PSCADA复归/告警,辅设备异常告警,是,直流屏接地监测21#线路-室外检修电源接地,直流屏接地监测21#线路-室外检修电源接地
1111,380V,交直流间隔,直流屏接地监测,辅助设备,异常,,,PSCADA复归/告警,辅设备异常告警,是,直流屏接地监测22#线路-保护屏2#电源接地,直流屏接地监测22#线路-保护屏2#电源接地
1112,380V,交直流间隔,直流屏接地监测,辅助设备,异常,,,PSCADA复归/告警,辅设备异常告警,是,直流屏接地监测23#线路-室外110kV刀闸控制电源接地,直流屏接地监测23#线路-室外110kV刀闸控制电源接地
1113,110kV,公用间隔,35kV小电流接地选线,二次设备,异常,,,PSCADA复归/告警,二次设备异常告警,是,35kV小电流311接地,35kV小电流311接地
1114,110kV,公用间隔,35kV小电流接地选线,二次设备,异常,,,PSCADA复归/告警,二次设备异常告警,是,35kV小电流313接地,35kV小电流313接地
1115,110kV,公用间隔,35kV小电流接地选线,二次设备,异常,,,PSCADA复归/告警,二次设备异常告警,是,35kV小电流315接地,35kV小电流315接地
1116,110kV,公用间隔,35kV小电流接地选线,二次设备,异常,,,PSCADA复归/告警,二次设备异常告警,是,35kV小电流317接地,35kV小电流317接地
1117,110kV,公用间隔,35kV小电流接地选线,二次设备,异常,,,PSCADA复归/告警,二次设备异常告警,是,35kV小电流312接地,35kV小电流312接地
1118,110kV,公用间隔,35kV小电流接地选线,二次设备,异常,,,PSCADA复归/告警,二次设备异常告警,是,35kV小电流314接地,35kV小电流314接地
1119,110kV,公用间隔,35kV小电流接地选线,二次设备,异常,,,PSCADA复归/告警,二次设备异常告警,是,35kV小电流316接地,35kV小电流316接地
1120,110kV,公用间隔,35kV小电流接地选线,二次设备,异常,,,PSCADA复归/告警,二次设备异常告警,是,35kV小电流318接地,35kV小电流318接地
1121,110kV,公用间隔,35kV小电流接地选线,二次设备,异常,,,PSCADA复归/告警,二次设备异常告警,是,35kV小电流35kV-4#母线接地,35kV小电流35kV-4#母线接地
1122,110kV,公用间隔,35kV小电流接地选线,二次设备,异常,,,PSCADA复归/告警,二次设备异常告警,是,35kV小电流35kV-5#母线接地,35kV小电流35kV-5#母线接地
1123,110kV,公用间隔,35kV小电流接地选线,二次设备,异常,,,PSCADA复归/告警,二次设备异常告警,是,35kV接地告警,35kV接地告警
1124,110kV,公用间隔,10kV小电流接地选线,二次设备,异常,,,PSCADA复归/告警,二次设备异常告警,是,10kV小电流151接地,10kV小电流151接地
1125,110kV,公用间隔,10kV小电流接地选线,二次设备,异常,,,PSCADA复归/告警,二次设备异常告警,是,10kV小电流153接地,10kV小电流153接地
1126,110kV,公用间隔,10kV小电流接地选线,二次设备,异常,,,PSCADA复归/告警,二次设备异常告警,是,10kV小电流155接地,10kV小电流155接地
1127,110kV,公用间隔,10kV小电流接地选线,二次设备,异常,,,PSCADA复归/告警,二次设备异常告警,是,10kV小电流157接地,10kV小电流157接地
1128,110kV,公用间隔,10kV小电流接地选线,二次设备,异常,,,PSCADA复归/告警,二次设备异常告警,是,10kV小电流159接地,10kV小电流159接地
1129,110kV,公用间隔,10kV小电流接地选线,二次设备,异常,,,PSCADA复归/告警,二次设备异常告警,是,10kV小电流161接地,10kV小电流161接地
1130,110kV,公用间隔,10kV小电流接地选线,二次设备,异常,,,PSCADA复归/告警,二次设备异常告警,是,10kV小电流150接地,10kV小电流150接地
1131,110kV,公用间隔,10kV小电流接地选线,二次设备,异常,,,PSCADA复归/告警,二次设备异常告警,是,10kV小电流165接地,10kV小电流165接地
1132,110kV,公用间隔,10kV小电流接地选线,二次设备,异常,,,PSCADA复归/告警,二次设备异常告警,是,10kV小电流2061接地,10kV小电流2061接地
1133,110kV,公用间隔,10kV小电流接地选线,二次设备,异常,,,PSCADA复归/告警,二次设备异常告警,是,10kV小电流2062接地,10kV小电流2062接地
1134,110kV,公用间隔,10kV小电流接地选线,二次设备,异常,,,PSCADA复归/告警,二次设备异常告警,是,10kV小电流152接地,10kV小电流152接地
1135,110kV,公用间隔,10kV小电流接地选线,二次设备,异常,,,PSCADA复归/告警,二次设备异常告警,是,10kV小电流154接地,10kV小电流154接地
1136,110kV,公用间隔,10kV小电流接地选线,二次设备,异常,,,PSCADA复归/告警,二次设备异常告警,是,10kV小电流156接地,10kV小电流156接地
1137,110kV,公用间隔,10kV小电流接地选线,二次设备,异常,,,PSCADA复归/告警,二次设备异常告警,是,10kV小电流158接地,10kV小电流158接地
1138,110kV,公用间隔,10kV小电流接地选线,二次设备,异常,,,PSCADA复归/告警,二次设备异常告警,是,10kV小电流162接地,10kV小电流162接地
1139,110kV,公用间隔,10kV小电流接地选线,二次设备,异常,,,PSCADA复归/告警,二次设备异常告警,是,10kV小电流164接地,10kV小电流164接地
1140,110kV,公用间隔,10kV小电流接地选线,二次设备,异常,,,PSCADA复归/告警,二次设备异常告警,是,10kV小电流160接地,10kV小电流160接地
1141,110kV,公用间隔,10kV小电流接地选线,二次设备,异常,,,PSCADA复归/告警,二次设备异常告警,是,10kV小电流168接地,10kV小电流168接地
1142,110kV,公用间隔,10kV小电流接地选线,二次设备,异常,,,PSCADA复归/告警,二次设备异常告警,是,10kV小电流2071接地,10kV小电流2071接地
1143,110kV,公用间隔,10kV小电流接地选线,二次设备,异常,,,PSCADA复归/告警,二次设备异常告警,是,10kV小电流2072接地,10kV小电流2072接地
1144,110kV,公用间隔,10kV小电流接地选线,二次设备,异常,,,PSCADA复归/告警,二次设备异常告警,是,10kV小电流10kV4#母线接地,10kV小电流10kV4#母线接地
1145,110kV,公用间隔,10kV小电流接地选线,二次设备,异常,,,PSCADA复归/告警,二次设备异常告警,是,10kV小电流10kV5#母线接地,10kV小电流10kV5#母线接地
1146,110kV,公用间隔,10kV小电流接地选线,二次设备,异常,,,PSCADA复归/告警,二次设备异常告警,是,10kV接地告警,10kV接地告警
1147,110kV,公用间隔,公用测控1n,二次设备,异常,,,PSCADA恢复/中断,二次设备故障告警,是,公用测控1n网络通讯正常,公用测控1n网络通讯正常
1148,110kV,公用间隔,公用测控9n,二次设备,异常,,,PSCADA恢复/中断,二次设备故障告警,是,公用测控9n网络通讯正常,公用测控9n网络通讯正常
1149,110kV,公用间隔,公用测控8n,二次设备,异常,,,PSCADA恢复/中断,二次设备故障告警,是,公用测控8n网络通讯正常,公用测控8n网络通讯正常
1150,110kV,1号主变公用,1号主变高压测控,二次设备,异常,,,PSCADA恢复/中断,二次设备故障告警,是,#1主变测控1网络通讯正常,#1主变测控1网络通讯正常
1151,110kV,1号主变公用,1号主变中压测控,二次设备,异常,,,PSCADA恢复/中断,二次设备故障告警,是,#1主变测控2网络通讯正常,#1主变测控2网络通讯正常
1152,110kV,1号主变公用,1号主变低压测控,二次设备,异常,,,PSCADA恢复/中断,二次设备故障告警,是,#1主变测控3网络通讯正常,#1主变测控3网络通讯正常
1153,110kV,1号主变公用,1号主变非电量保护,二次设备,异常,,,PSCADA恢复/中断,二次设备故障告警,是,#1主变非电量网络通讯正常,#1主变非电量网络通讯正常
1154,110kV,2号主变公用,2号主变高压测控,二次设备,异常,,,PSCADA恢复/中断,二次设备故障告警,是,#2主变测控1网络通讯正常,#2主变测控1网络通讯正常
1155,110kV,2号主变公用,2号主变中压测控,二次设备,异常,,,PSCADA恢复/中断,二次设备故障告警,是,#2主变测控2网络通讯正常,#2主变测控2网络通讯正常
1156,110kV,2号主变公用,2号主变低压测控,二次设备,异常,,,PSCADA恢复/中断,二次设备故障告警,是,#2主变测控3网络通讯正常,#2主变测控3网络通讯正常
1157,110kV,2号主变公用,2号主变非电量保护,二次设备,异常,,,PSCADA恢复/中断,二次设备故障告警,是,#2主变非电量网络通讯正常,#2主变非电量网络通讯正常
1158,110kV,110kV145分段,145分段保护,二次设备,异常,,,PSCADA恢复/中断,二次设备故障告警,是,110kV备投145网络通讯正常,110kV备投145网络通讯正常
1159,35kV,35kV345分段,345分段保护,二次设备,异常,,,PSCADA恢复/中断,二次设备故障告警,是,35kV备投345网络通讯正常,35kV备投345网络通讯正常
1160,10kV,10kV245分段,245分段保护,二次设备,异常,,,PSCADA恢复/中断,二次设备故障告警,是,10kV备投245网络通讯正常,10kV备投245网络通讯正常
1161,10kV,10kV245分段,245分段保护,二次设备,异常,,,PSCADA恢复/中断,二次设备故障告警,是,10kV充电保护245网络通讯正常,10kV充电保护245网络通讯正常
1162,380V,交直流间隔,直流屏,辅助设备,异常,,,PSCADA恢复/中断,辅设备异常告警,是,直流屏网络通讯正常,直流屏网络通讯正常
1163,380V,交直流间隔,直流屏,辅助设备,异常,,,PSCADA恢复/中断,辅设备异常告警,是,直流屏接地监测网络通讯正常,直流屏接地监测网络通讯正常
1164,110kV,公用间隔,35kV小电流接地选线,二次设备,异常,,,PSCADA恢复/中断,二次设备故障告警,是,35kV小电流网络通讯正常,35kV小电流网络通讯正常
1165,110kV,公用间隔,10kV小电流接地选线,二次设备,异常,,,PSCADA恢复/中断,二次设备故障告警,是,10kV小电流网络通讯正常,10kV小电流网络通讯正常
1166,110kV,1号主变公用,1号主变保护I,二次设备,异常,,,PSCADA恢复/中断,二次设备故障告警,是,#1主变保护I网络通讯正常,#1主变保护I网络通讯正常
1167,110kV,1号主变公用,1号主变保护II,二次设备,异常,,,PSCADA恢复/中断,二次设备故障告警,是,#1主变保护II网络通讯正常,#1主变保护II网络通讯正常
1168,110kV,2号主变公用,2号主变保护I,二次设备,异常,,,PSCADA恢复/中断,二次设备故障告警,是,#2主变保护I网络通讯正常,#2主变保护I网络通讯正常
1169,110kV,2号主变公用,2号主变保护II,二次设备,异常,,,PSCADA恢复/中断,二次设备故障告警,是,#2主变保护II网络通讯正常,#2主变保护II网络通讯正常
1170,110kV,1号主变公用,1号主变低周保护,二次设备,异常,,,PSCADA恢复/中断,二次设备故障告警,是,#1主变低周减载网络通讯正常,#1主变低周减载网络通讯正常
1171,110kV,2号主变公用,2号主变低周保护,二次设备,异常,,,PSCADA恢复/中断,二次设备故障告警,是,#2主变低周减载网络通讯正常,#2主变低周减载网络通讯正常
1172,110kV,110kV145分段,145分段保护,二次设备,异常,,,PSCADA复归/告警,二次设备异常告警,是,110kV备自投闭锁自投1,110kV备自投闭锁自投1
1173,110kV,110kV145分段,145分段保护,二次设备,异常,,,PSCADA复归/告警,二次设备异常告警,是,110kV备自投闭锁自投2,110kV备自投闭锁自投2
1174,110kV,110kV145分段,145分段保护,二次设备,异常,,,PSCADA复归/告警,二次设备异常告警,是,110kV备自投闭锁自投3,110kV备自投闭锁自投3
1175,110kV,110kV145分段,145分段保护,二次设备,异常,,,PSCADA复归/告警,二次设备异常告警,是,110kV备自投闭锁自投4,110kV备自投闭锁自投4
1176,35kV,35kV345分段,345分段保护,二次设备,异常,,,PSCADA复归/告警,二次设备异常告警,是,35kV备自投闭锁自投3,35kV备自投闭锁自投3
1177,35kV,35kV345分段,345分段保护,二次设备,异常,,,PSCADA复归/告警,二次设备异常告警,是,35kV备自投闭锁自投4,35kV备自投闭锁自投4
1178,10kV,10kV245分段,245分段保护,二次设备,异常,,,PSCADA复归/告警,二次设备异常告警,是,10kV备自投闭锁自投3,10kV备自投闭锁自投3
1179,10kV,10kV245分段,245分段保护,二次设备,异常,,,PSCADA复归/告警,二次设备异常告警,是,10kV备自投闭锁自投4,10kV备自投闭锁自投4
1180,110kV,110kV145分段,145开关机构,辅助设备,告知,,,PSCADA远方/就地,一般遥信,是,145-4及-5机构箱远方／就地,145-4及-5机构箱远方／就地
1181,10kV,10kV圈宏线,151线路保护,二次设备,异常,,,PSCADA放电/已充电,一般遥信,是,151重合闸充电成功,151重合闸充电成功
1182,10kV,10kV银海线,153线路保护,二次设备,异常,,,PSCADA放电/已充电,一般遥信,是,153重合闸充电成功,153重合闸充电成功
1183,10kV,10kV落垡线,155线路保护,二次设备,异常,,,PSCADA放电/已充电,一般遥信,是,155重合闸充电成功,155重合闸充电成功
1184,10kV,10kV157备用线,157线路保护,二次设备,异常,,,PSCADA放电/已充电,一般遥信,是,157重合闸充电成功,157重合闸充电成功
1185,10kV,10kV奥朗斯线,159线路保护,二次设备,异常,,,PSCADA放电/已充电,一般遥信,是,159重合闸充电成功,159重合闸充电成功
1186,10kV,10kV董标垡线,161线路保护,二次设备,异常,,,PSCADA放电/已充电,一般遥信,是,161重合闸充电成功,161重合闸充电成功
1187,10kV,10kV150接地变,150接地变保护,二次设备,异常,,,PSCADA放电/已充电,一般遥信,是,150重合闸充电成功,163重合闸充电成功
1188,10kV,10kV165备用线,165线路保护,二次设备,异常,,,PSCADA放电/已充电,一般遥信,是,165重合闸充电成功,165重合闸充电成功
1189,10kV,10kV马圈东线,152线路保护,二次设备,异常,,,PSCADA放电/已充电,一般遥信,是,152重合闸充电成功,152重合闸充电成功
1190,10kV,10kV马圈西线,154线路保护,二次设备,异常,,,PSCADA放电/已充电,一般遥信,是,154重合闸充电成功,154重合闸充电成功
1191,10kV,10kV和瑞园线,156线路保护,二次设备,异常,,,PSCADA放电/已充电,一般遥信,是,156重合闸充电成功,156重合闸充电成功
1192,10kV,10kV汇利线,158线路保护,二次设备,异常,,,PSCADA放电/已充电,一般遥信,是,158重合闸充电成功,158重合闸充电成功
1193,10kV,10kV162备用线,162线路保护,二次设备,异常,,,PSCADA放电/已充电,一般遥信,是,162重合闸充电成功,162重合闸充电成功
1194,10kV,10kV颐西湖线,164线路保护,二次设备,异常,,,PSCADA放电/已充电,一般遥信,是,164重合闸充电成功,164重合闸充电成功
1195,10kV,10kV160接地变,160接地变保护,二次设备,异常,,,PSCADA放电/已充电,一般遥信,是,160重合闸充电成功,166重合闸充电成功
1196,10kV,10kV168备用线,168线路保护,二次设备,异常,,,PSCADA放电/已充电,一般遥信,是,168重合闸充电成功,168重合闸充电成功
1197,35kV,35kV311备用线,311线路保护,二次设备,异常,,,PSCADA放电/已充电,一般遥信,是,311重合闸充电成功,311重合闸充电成功
1198,35kV,35kV313备用线,313线路保护,二次设备,异常,,,PSCADA放电/已充电,一般遥信,是,313重合闸充电成功,313重合闸充电成功
1199,35kV,35kV315备用线,315线路保护,二次设备,异常,,,PSCADA放电/已充电,一般遥信,是,315重合闸充电成功,315重合闸充电成功
1200,35kV,35kV马营线,317线路保护,二次设备,异常,,,PSCADA放电/已充电,一般遥信,是,317重合闸充电成功,317重合闸充电成功
1201,35kV,35kV马城线,312线路保护,二次设备,异常,,,PSCADA放电/已充电,一般遥信,是,312重合闸充电成功,312重合闸充电成功
1202,35kV,35kV314备用线,314线路保护,二次设备,异常,,,PSCADA放电/已充电,一般遥信,是,314重合闸充电成功,314重合闸充电成功
1203,35kV,35kV316备用线,316线路保护,二次设备,异常,,,PSCADA放电/已充电,一般遥信,是,316重合闸充电成功,316重合闸充电成功
1204,35kV,35kV318备用线,318线路保护,二次设备,异常,,,PSCADA放电/已充电,一般遥信,是,318重合闸充电成功,318重合闸充电成功
1205,10kV,10kV圈宏线,151线路保护,二次设备,变位,,,PSCADA退出/投入,软压板,是,151重合闸软压板投入,151重合闸软压板投入
1206,10kV,10kV银海线,153线路保护,二次设备,变位,,,PSCADA退出/投入,软压板,是,153重合闸软压板投入,153重合闸软压板投入
1207,10kV,10kV落垡线,155线路保护,二次设备,变位,,,PSCADA退出/投入,软压板,是,155重合闸软压板投入,155重合闸软压板投入
1208,10kV,10kV157备用线,157线路保护,二次设备,变位,,,PSCADA退出/投入,软压板,是,157重合闸软压板投入,157重合闸软压板投入
1209,10kV,10kV奥朗斯线,159线路保护,二次设备,变位,,,PSCADA退出/投入,软压板,是,159重合闸软压板投入,159重合闸软压板投入
1210,10kV,10kV董标垡线,161线路保护,二次设备,变位,,,PSCADA退出/投入,软压板,是,161重合闸软压板投入,161重合闸软压板投入
1211,10kV,10kV150接地变,150接地变保护,二次设备,变位,,,PSCADA退出/投入,软压板,是,150重合闸软压板投入,163重合闸软压板投入
1212,10kV,10kV165备用线,165线路保护,二次设备,变位,,,PSCADA退出/投入,软压板,是,165重合闸软压板投入,165重合闸软压板投入
1213,10kV,10kV马圈东线,152线路保护,二次设备,变位,,,PSCADA退出/投入,软压板,是,152重合闸软压板投入,152重合闸软压板投入
1214,10kV,10kV马圈西线,154线路保护,二次设备,变位,,,PSCADA退出/投入,软压板,是,154重合闸软压板投入,154重合闸软压板投入
1215,10kV,10kV和瑞园线,156线路保护,二次设备,变位,,,PSCADA退出/投入,软压板,是,156重合闸软压板投入,156重合闸软压板投入
1217,10kV,10kV162备用线,162线路保护,二次设备,变位,,,PSCADA退出/投入,软压板,是,162重合闸软压板投入,162重合闸软压板投入
1218,10kV,10kV颐西湖线,164线路保护,二次设备,变位,,,PSCADA退出/投入,软压板,是,164重合闸软压板投入,164重合闸软压板投入
1219,10kV,10kV160接地变,160接地变保护,二次设备,变位,,,PSCADA退出/投入,软压板,是,160重合闸软压板投入,166重合闸软压板投入
1220,10kV,10kV168备用线,168线路保护,二次设备,变位,,,PSCADA退出/投入,软压板,是,168重合闸软压板投入,168重合闸软压板投入
1221,35kV,35kV311备用线,311线路保护,二次设备,变位,,,PSCADA退出/投入,软压板,是,311重合闸软压板投入,311重合闸软压板投入
1222,35kV,35kV313备用线,313线路保护,二次设备,变位,,,PSCADA退出/投入,软压板,是,313重合闸软压板投入,313重合闸软压板投入
1223,35kV,35kV315备用线,315线路保护,二次设备,变位,,,PSCADA退出/投入,软压板,是,315重合闸软压板投入,315重合闸软压板投入
1224,35kV,35kV马营线,317线路保护,二次设备,变位,,,PSCADA退出/投入,软压板,是,317重合闸软压板投入,317重合闸软压板投入
1225,35kV,35kV马城线,312线路保护,二次设备,变位,,,PSCADA退出/投入,软压板,是,312重合闸软压板投入,312重合闸软压板投入
1226,35kV,35kV314备用线,314线路保护,二次设备,变位,,,PSCADA退出/投入,软压板,是,314重合闸软压板投入,314重合闸软压板投入
1227,35kV,35kV316备用线,316线路保护,二次设备,变位,,,PSCADA退出/投入,软压板,是,316重合闸软压板投入,316重合闸软压板投入
1228,35kV,35kV318备用线,318线路保护,二次设备,变位,,,PSCADA退出/投入,软压板,是,318重合闸软压板投入,318重合闸软压板投入
1229,10kV,10kV汇利线,158线路保护,二次设备,变位,,,PSCADA退出/投入,软压板,是,158重合闸软压板投入,158重合闸软压板投入
1230,10kV,10kV150接地变,150-1接地刀闸,交流刀闸,告知,,,PSCADA分位/合位,一般遥信,是,150接地变150-1刀闸位置,150接地变150-1刀闸位置
1231,10kV,10kV150接地变,接地变公用,辅助设备,异常,,,PSCADA复归/告警,主设备异常告警,是,150接地变温控器故障,150接地变温控器故障
1232,10kV,10kV150接地变,接地变公用,辅助设备,异常,,,PSCADA复归/告警,主设备异常告警,是,150接地变超温报警,150接地变超温报警
1233,10kV,10kV160接地变,160-1接地刀闸,交流刀闸,告知,,,PSCADA复归/动作,一般遥信,是,160接地变160-1刀闸位置,160接地变160-1刀闸位置
1234,10kV,10kV160接地变,接地变公用,辅助设备,异常,,,PSCADA复归/告警,主设备异常告警,是,160接地变温控器故障,160接地变温控器故障
1235,10kV,10kV160接地变,接地变公用,辅助设备,异常,,,PSCADA复归/告警,主设备异常告警,是,160接地变超温报警,160接地变超温报警
1236,10kV,10kV160接地变,消弧线圈装置,二次设备,异常,,,PSCADA复归/告警,二次设备异常告警,是,160消弧线圈单相接地,160消弧线圈单相接地
1237,10kV,10kV160接地变,消弧线圈装置,二次设备,异常,,,PSCADA复归/告警,二次设备异常告警,是,160消弧线圈综合报警,160消弧线圈综合报警
1238,10kV,10kV160接地变,消弧线圈装置,二次设备,异常,,,PSCADA复归/告警,二次设备异常告警,是,160消弧线圈交流失电,160消弧线圈交流失电
1239,10kV,10kV150接地变,消弧线圈装置,二次设备,异常,,,PSCADA复归/告警,二次设备异常告警,是,150消弧线圈单相接地,150消弧线圈单相接地
1240,10kV,10kV150接地变,消弧线圈装置,二次设备,异常,,,PSCADA复归/告警,二次设备异常告警,是,150消弧线圈综合报警,150消弧线圈综合报警
1241,10kV,10kV150接地变,消弧线圈装置,二次设备,异常,,,PSCADA复归/告警,二次设备异常告警,是,150消弧线圈交流失电,150消弧线圈交流失电
1242,380V,公用间隔,辅助控制系统,辅助设备,异常,,,PSCADA复归/告警,辅设备异常告警,是,安防报警,安防报警
1243,10kV,10kV150接地变,消弧线圈装置,二次设备,异常,,,PSCADA复归/告警,二次设备异常告警,是,150消弧线圈调档失败,150消弧线圈调档失败
1244,10kV,10kV150接地变,消弧线圈装置,二次设备,异常,,,PSCADA复归/告警,二次设备异常告警,是,150消弧线圈自动状态,150消弧线圈自动状态
1245,10kV,10kV150接地变,消弧线圈装置,二次设备,异常,,,PSCADA复归/告警,二次设备异常告警,是,150消弧线圈容量不适,150消弧线圈容量不适
1246,10kV,10kV150接地变,消弧线圈装置,二次设备,异常,,,PSCADA复归/告警,二次设备异常告警,是,150消弧线圈位移过限,150消弧线圈位移过限
1247,10kV,10kV150接地变,消弧线圈装置,二次设备,异常,,,PSCADA恢复/中断,二次设备故障告警,是,150消弧线圈网络状态1,150消弧线圈网络状态1
1248,10kV,10kV160接地变,消弧线圈装置,二次设备,异常,,,PSCADA复归/告警,二次设备异常告警,是,160消弧线圈调档失败,160消弧线圈调档失败
1249,10kV,10kV160接地变,消弧线圈装置,二次设备,异常,,,PSCADA复归/告警,二次设备异常告警,是,160消弧线圈自动状态,160消弧线圈自动状态
1250,10kV,10kV160接地变,消弧线圈装置,二次设备,异常,,,PSCADA复归/告警,二次设备异常告警,是,160消弧线圈容量不适,160消弧线圈容量不适
1251,10kV,10kV160接地变,消弧线圈装置,二次设备,异常,,,PSCADA复归/告警,二次设备异常告警,是,160消弧线圈位移过限,160消弧线圈位移过限
1252,10kV,10kV160接地变,消弧线圈装置,二次设备,异常,,,PSCADA恢复/中断,二次设备异常告警,是,160消弧线圈网络状态1,160消弧线圈网络状态1
1253,10kV,10kV160接地变,消弧线圈装置,二次设备,异常,,,PSCADA复归/告警,二次设备异常告警,是,消弧线圈通讯装置闭锁,消弧线圈通讯装置闭锁
1254,10kV,10kV160接地变,消弧线圈装置,二次设备,异常,,,PSCADA恢复/中断,二次设备异常告警,是,消弧线圈通讯装置告警,消弧线圈通讯装置告警
1255,380V,交直流间隔,直流系统,辅助设备,异常,,,PSCADA复归/告警,辅设备故障告警,是,系统总故障（直流）,系统总故障（直流）
1256,380V,交直流间隔,直流系统,辅助设备,异常,,,PSCADA复归/告警,辅设备故障告警,是,充电模块故障（直流）,充电模块故障（直流）
1257,380V,交直流间隔,直流系统,辅助设备,异常,,,PSCADA复归/告警,辅设备故障告警,是,直流母线故障（直流）,直流母线故障（直流）
1258,380V,交直流间隔,直流系统,辅助设备,异常,,,PSCADA复归/告警,辅设备故障告警,是,电池故障（直流）,电池故障（直流）
1259,380V,交直流间隔,直流系统,辅助设备,异常,,,PSCADA复归/告警,辅设备故障告警,是,交流故障（直流）,交流故障（直流）
1260,380V,交直流间隔,直流系统,辅助设备,异常,,,PSCADA复归/告警,辅设备故障告警,是,直流绝缘故障（直流）,直流绝缘故障（直流）
1261,380V,交直流间隔,直流系统,辅助设备,异常,,,PSCADA复归/告警,辅设备异常告警,是,母线负绝缘不良报警（直流）,母线负绝缘不良报警（直流）
1262,380V,交直流间隔,直流系统,辅助设备,异常,,,PSCADA复归/告警,辅设备异常告警,是,母线正绝缘不良报警（直流）,母线正绝缘不良报警（直流）
1263,380V,交直流间隔,直流系统,辅助设备,异常,,,PSCADA复归/告警,辅设备异常告警,是,蓄电池组过压报警（直流）,蓄电池组过压报警（直流）
1264,380V,交直流间隔,直流系统,辅助设备,异常,,,PSCADA复归/告警,辅设备异常告警,是,蓄电池组欠压报警（直流）,蓄电池组欠压报警（直流）
1265,380V,交直流间隔,直流系统,辅助设备,异常,,,PSCADA复归/告警,辅设备故障告警,是,电池熔断器故障（直流）,电池熔断器故障（直流）
1266,380V,交直流间隔,直流系统,辅助设备,异常,,,PSCADA复归/告警,辅设备异常告警,是,模块异常（直流）,模块异常（直流）
1267,380V,交直流间隔,直流系统,辅助设备,异常,,,PSCADA复归/告警,辅设备异常告警,是,交流异常（直流）,交流异常（直流）
1268,380V,交直流间隔,直流系统,辅助设备,异常,,,PSCADA复归/告警,辅设备异常告警,是,馈线支路开关跳闸（直流）,馈线支路开关跳闸（直流）
1269,380V,交直流间隔,直流系统,辅助设备,异常,,,PSCADA复归/告警,辅设备异常告警,是,母线异常（直流）,母线异常（直流）
1270,380V,交直流间隔,直流系统,辅助设备,异常,,,PSCADA复归/告警,辅设备异常告警,是,直流母联开关合闸（直流）,直流母联开关合闸（直流）
1271,380V,交直流间隔,直流系统,辅助设备,异常,,,PSCADA复归/告警,辅设备异常告警,是,充电机输出开关跳闸（直流）,充电机输出开关跳闸（直流）
1272,380V,交直流间隔,直流系统,辅助设备,异常,,,PSCADA复归/告警,辅设备异常告警,是,ATS异常（直流）,ATS异常（直流）
