主站点号,电压等级,间隔名称,设备名称,设备大类,信息分类,告警分级,量测类型,动作量词,信号类型,是否上光字牌,主站端描述（合并信息填母点描述）,厂站端描述
0,35kV,公用间隔,全站事故总,二次设备,事故,,,PSCADA复归/动作,保护事件,是,全站事故总,全站事故总
1,35kV,1号主变公用,1号主变保护A,二次设备,异常,,,PSCADA退出/投入,一般遥信,是,1#主变保护A检修压板投入,1#主变保护A检修压板投入
2,35kV,1号主变公用,1号主变保护A,二次设备,事故,,,PSCADA复归/动作,保护事件,是,1#主变保护A纵差差动速断动作,1#主变保护A纵差差动速断动作
3,35kV,1号主变公用,1号主变保护A,二次设备,事故,,,PSCADA复归/动作,保护事件,是,1#主变保护A纵差保护动作,1#主变保护A纵差保护动作
4,35kV,1号主变公用,1号主变保护A,二次设备,事故,,,PSCADA复归/动作,保护事件,是,1#主变保护A高复流Ⅲ段2时限动作,1#主变保护A高复流Ⅲ段2时限动作
5,35kV,1号主变公用,1号主变保护A,二次设备,事故,,,PSCADA复归/动作,保护事件,是,1#主变保护A低复流Ⅱ段1时限动作,1#主变保护A低复流Ⅱ段1时限动作
6,35kV,1号主变公用,1号主变保护A,二次设备,事故,,,PSCADA复归/动作,保护事件,是,1#主变保护A低复流Ⅱ段2时限动作,1#主变保护A低复流Ⅱ段2时限动作
7,35kV,1号主变公用,1号主变保护A,二次设备,事故,,,PSCADA复归/动作,保护事件,是,1#主变保护A低复流Ⅲ段2时限动作,1#主变保护A低复流Ⅲ段2时限动作
8,35kV,1号主变公用,1号主变保护A,二次设备,异常,,,PSCADA复归/告警,二次设备异常告警,是,1#主变保护A闭锁345备自投,1#主变保护A闭锁345备自投
9,35kV,1号主变公用,1号主变保护A,二次设备,异常,,,PSCADA复归/告警,二次设备异常告警,是,1#主变保护A闭锁245备自投,1#主变保护A闭锁245备自投
10,35kV,1号主变公用,1号主变保护A,二次设备,异常,,,PSCADA复归/告警,二次设备异常告警,是,1#主变保护A保护装置异常,1#主变保护A保护装置异常
11,35kV,1号主变公用,1号主变保护A,二次设备,异常,,,PSCADA复归/告警,二次设备异常告警,是,1#主变保护A高压侧313CT断线,1#主变保护A高压侧313CT断线
12,35kV,1号主变公用,1号主变保护A,二次设备,异常,,,PSCADA复归/告警,二次设备异常告警,是,1#主变保护A高压桥345CT断线,1#主变保护A高压桥345CT断线
13,35kV,1号主变公用,1号主变保护A,二次设备,异常,,,PSCADA复归/告警,二次设备异常告警,是,1#主变保护A低压侧201CT断线,1#主变保护A低压侧201CT断线
14,35kV,1号主变公用,1号主变保护A,二次设备,异常,,,PSCADA复归/告警,二次设备异常告警,是,1#主变保护A高压侧313PT断线,1#主变保护A高压侧313PT断线
15,35kV,1号主变公用,1号主变保护A,二次设备,异常,,,PSCADA复归/告警,二次设备异常告警,是,1#主变保护A低压侧201PT断线,1#主变保护A低压侧201PT断线
16,35kV,1号主变公用,1号主变保护A,二次设备,异常,,,PSCADA复归/告警,二次设备异常告警,是,1#主变保护A高压侧313过负荷告警,1#主变保护A高压侧313过负荷告警
17,35kV,1号主变公用,1号主变保护A,二次设备,异常,,,PSCADA复归/告警,二次设备异常告警,是,1#主变保护A主变过载闭锁有载调压,1#主变保护A主变过载闭锁有载调压
18,35kV,1号主变公用,1号主变保护A,二次设备,异常,,,PSCADA复归/告警,二次设备异常告警,是,1#主变保护A低压侧201过负荷告警,1#主变保护A低压侧201过负荷告警
19,35kV,1号主变公用,1号主变保护B,二次设备,异常,,,PSCBDB退出/投入,一般遥信,是,1#主变保护B检修压板投入,1#主变保护B检修压板投入
20,35kV,1号主变公用,1号主变保护B,二次设备,事故,,,PSCBDB复归/动作,保护事件,是,1#主变保护B纵差差动速断动作,1#主变保护B纵差差动速断动作
21,35kV,1号主变公用,1号主变保护B,二次设备,事故,,,PSCBDB复归/动作,保护事件,是,1#主变保护B纵差保护动作,1#主变保护B纵差保护动作
22,35kV,1号主变公用,1号主变保护B,二次设备,事故,,,PSCBDB复归/动作,保护事件,是,1#主变保护B高复流Ⅲ段2时限动作,1#主变保护B高复流Ⅲ段2时限动作
23,35kV,1号主变公用,1号主变保护B,二次设备,事故,,,PSCBDB复归/动作,保护事件,是,1#主变保护B低复流Ⅱ段1时限动作,1#主变保护B低复流Ⅱ段1时限动作
24,35kV,1号主变公用,1号主变保护B,二次设备,事故,,,PSCBDB复归/动作,保护事件,是,1#主变保护B低复流Ⅱ段2时限动作,1#主变保护B低复流Ⅱ段2时限动作
25,35kV,1号主变公用,1号主变保护B,二次设备,事故,,,PSCBDB复归/动作,保护事件,是,1#主变保护B低复流Ⅲ段2时限动作,1#主变保护B低复流Ⅲ段2时限动作
26,35kV,1号主变公用,1号主变保护B,二次设备,异常,,,PSCBDB复归/告警,二次设备异常告警,是,1#主变保护B闭锁345备自投,1#主变保护B闭锁345备自投
27,35kV,1号主变公用,1号主变保护B,二次设备,异常,,,PSCBDB复归/告警,二次设备异常告警,是,1#主变保护B闭锁245备自投,1#主变保护B闭锁245备自投
29,35kV,1号主变公用,1号主变保护B,二次设备,异常,,,PSCBDB复归/告警,二次设备异常告警,是,1#主变保护B高压侧313CT断线,1#主变保护B高压侧313CT断线
30,35kV,1号主变公用,1号主变保护B,二次设备,异常,,,PSCBDB复归/告警,二次设备异常告警,是,1#主变保护B高压桥345CT断线,1#主变保护B高压桥345CT断线
31,35kV,1号主变公用,1号主变保护B,二次设备,异常,,,PSCBDB复归/告警,二次设备异常告警,是,1#主变保护B低压侧201CT断线,1#主变保护B低压侧201CT断线
32,35kV,1号主变公用,1号主变保护B,二次设备,异常,,,PSCBDB复归/告警,二次设备异常告警,是,1#主变保护B高压侧313PT断线,1#主变保护B高压侧313PT断线
33,35kV,1号主变公用,1号主变保护B,二次设备,异常,,,PSCBDB复归/告警,二次设备异常告警,是,1#主变保护B低压侧201PT断线,1#主变保护B低压侧201PT断线
34,35kV,1号主变公用,1号主变保护B,二次设备,异常,,,PSCBDB复归/告警,二次设备异常告警,是,1#主变保护B高压侧313过负荷告警,1#主变保护B高压侧313过负荷告警
35,35kV,1号主变公用,1号主变保护B,二次设备,异常,,,PSCBDB复归/告警,二次设备异常告警,是,1#主变保护B主变过载闭锁有载调压,1#主变保护B主变过载闭锁有载调压
36,35kV,1号主变公用,1号主变保护B,二次设备,异常,,,PSCBDB复归/告警,二次设备异常告警,是,1#主变保护B低压侧201过负荷告警,1#主变保护B低压侧201过负荷告警
37,35kV,1号主变公用,1号主变非电量保护,二次设备,异常,,,PSCBDB退出/投入,一般遥信,是,1#主变非电量保护检修压板投入,1#主变非电量保护检修压板投入
38,35kV,1号主变公用,1号主变保护A,二次设备,异常,,,PSCADA恢复/中断,二次设备故障告警,是,1#主变保护A保护装置通信中断,1#主变保护A保护装置通信中断
39,35kV,1号主变公用,1号主变保护B,二次设备,异常,,,PSCADA恢复/中断,二次设备故障告警,是,1#主变保护B保护装置通信中断,1#主变保护B保护装置通信中断
40,35kV,1号主变公用,1号主变非电量保护,二次设备,异常,,,PSCADA恢复/中断,二次设备故障告警,是,1#主变非电量保护保护装置通信中断,1#主变非电量保护保护装置通信中断
41,35kV,2号主变公用,2号主变保护A,二次设备,异常,,,PSCADA退出/投入,一般遥信,是,2#主变保护A检修压板投入,2#主变保护A检修压板投入
42,35kV,2号主变公用,2号主变保护A,二次设备,事故,,,PSCADA复归/动作,保护事件,是,2#主变保护A纵差差动速断动作,2#主变保护A纵差差动速断动作
43,35kV,2号主变公用,2号主变保护A,二次设备,事故,,,PSCADA复归/动作,保护事件,是,2#主变保护A纵差保护动作,2#主变保护A纵差保护动作
44,35kV,2号主变公用,2号主变保护A,二次设备,事故,,,PSCADA复归/动作,保护事件,是,2#主变保护A高复流Ⅲ段2时限动作,2#主变保护A高复流Ⅲ段2时限动作
45,35kV,2号主变公用,2号主变保护A,二次设备,事故,,,PSCADA复归/动作,保护事件,是,2#主变保护A低复流Ⅱ段1时限动作,2#主变保护A低复流Ⅱ段1时限动作
46,35kV,2号主变公用,2号主变保护A,二次设备,事故,,,PSCADA复归/动作,保护事件,是,2#主变保护A低复流Ⅱ段2时限动作,2#主变保护A低复流Ⅱ段2时限动作
47,35kV,2号主变公用,2号主变保护A,二次设备,事故,,,PSCADA复归/动作,保护事件,是,2#主变保护A低复流Ⅲ段2时限动作,2#主变保护A低复流Ⅲ段2时限动作
48,35kV,2号主变公用,2号主变保护A,二次设备,异常,,,PSCADA复归/告警,二次设备异常告警,是,2#主变保护A闭锁345备自投,2#主变保护A闭锁345备自投
49,35kV,2号主变公用,2号主变保护A,二次设备,异常,,,PSCADA复归/告警,二次设备异常告警,是,2#主变保护A闭锁245备自投,2#主变保护A闭锁245备自投
51,35kV,2号主变公用,2号主变保护A,二次设备,异常,,,PSCADA复归/告警,二次设备异常告警,是,2#主变保护A高压侧316CT断线,2#主变保护A高压侧316CT断线
52,35kV,2号主变公用,2号主变保护A,二次设备,异常,,,PSCADA复归/告警,二次设备异常告警,是,2#主变保护A高压桥345CT断线,2#主变保护A高压桥345CT断线
53,35kV,2号主变公用,2号主变保护A,二次设备,异常,,,PSCADA复归/告警,二次设备异常告警,是,2#主变保护A低压侧202CT断线,2#主变保护A低压侧202CT断线
54,35kV,2号主变公用,2号主变保护A,二次设备,异常,,,PSCADA复归/告警,二次设备异常告警,是,2#主变保护A高压侧316PT断线,2#主变保护A高压侧316PT断线
55,35kV,2号主变公用,2号主变保护A,二次设备,异常,,,PSCADA复归/告警,二次设备异常告警,是,2#主变保护A低压侧202PT断线,2#主变保护A低压侧202PT断线
56,35kV,2号主变公用,2号主变保护A,二次设备,异常,,,PSCADA复归/告警,二次设备异常告警,是,2#主变保护A高压侧316过负荷告警,2#主变保护A高压侧316过负荷告警
57,35kV,2号主变公用,2号主变保护A,二次设备,异常,,,PSCADA复归/告警,二次设备异常告警,是,2#主变保护A主变过载闭锁有载调压,2#主变保护A主变过载闭锁有载调压
58,35kV,2号主变公用,2号主变保护A,二次设备,异常,,,PSCADA复归/告警,二次设备异常告警,是,2#主变保护A低压侧202过负荷告警,2#主变保护A低压侧202过负荷告警
59,35kV,2号主变公用,2号主变保护B,二次设备,异常,,,PSCBDB退出/投入,一般遥信,是,2#主变保护B检修压板投入,2#主变保护B检修压板投入
60,35kV,2号主变公用,2号主变保护B,二次设备,事故,,,PSCBDB复归/动作,保护事件,是,2#主变保护B纵差差动速断动作,2#主变保护B纵差差动速断动作
61,35kV,2号主变公用,2号主变保护B,二次设备,事故,,,PSCBDB复归/动作,保护事件,是,2#主变保护B纵差保护动作,2#主变保护B纵差保护动作
62,35kV,2号主变公用,2号主变保护B,二次设备,事故,,,PSCBDB复归/动作,保护事件,是,2#主变保护B高复流Ⅲ段2时限动作,2#主变保护B高复流Ⅲ段2时限动作
63,35kV,2号主变公用,2号主变保护B,二次设备,事故,,,PSCBDB复归/动作,保护事件,是,2#主变保护B低复流Ⅱ段1时限动作,2#主变保护B低复流Ⅱ段1时限动作
64,35kV,2号主变公用,2号主变保护B,二次设备,事故,,,PSCBDB复归/动作,保护事件,是,2#主变保护B低复流Ⅱ段2时限动作,2#主变保护B低复流Ⅱ段2时限动作
65,35kV,2号主变公用,2号主变保护B,二次设备,事故,,,PSCBDB复归/动作,保护事件,是,2#主变保护B低复流Ⅲ段2时限动作,2#主变保护B低复流Ⅲ段2时限动作
66,35kV,2号主变公用,2号主变保护B,二次设备,异常,,,PSCBDB复归/告警,二次设备异常告警,是,2#主变保护B闭锁345备自投,2#主变保护B闭锁345备自投
67,35kV,2号主变公用,2号主变保护B,二次设备,异常,,,PSCBDB复归/告警,二次设备异常告警,是,2#主变保护B闭锁245备自投,2#主变保护B闭锁245备自投
69,35kV,2号主变公用,2号主变保护B,二次设备,异常,,,PSCBDB复归/告警,二次设备异常告警,是,2#主变保护B高压侧316CT断线,2#主变保护B高压侧316CT断线
70,35kV,2号主变公用,2号主变保护B,二次设备,异常,,,PSCBDB复归/告警,二次设备异常告警,是,2#主变保护B高压桥345CT断线,2#主变保护B高压桥345CT断线
71,35kV,2号主变公用,2号主变保护B,二次设备,异常,,,PSCBDB复归/告警,二次设备异常告警,是,2#主变保护B低压侧202CT断线,2#主变保护B低压侧202CT断线
72,35kV,2号主变公用,2号主变保护B,二次设备,异常,,,PSCBDB复归/告警,二次设备异常告警,是,2#主变保护B高压侧316PT断线,2#主变保护B高压侧316PT断线
73,35kV,2号主变公用,2号主变保护B,二次设备,异常,,,PSCBDB复归/告警,二次设备异常告警,是,2#主变保护B低压侧202PT断线,2#主变保护B低压侧202PT断线
74,35kV,2号主变公用,2号主变保护B,二次设备,异常,,,PSCBDB复归/告警,二次设备异常告警,是,2#主变保护B高压侧316过负荷告警,2#主变保护B高压侧316过负荷告警
75,35kV,2号主变公用,2号主变保护B,二次设备,异常,,,PSCBDB复归/告警,二次设备异常告警,是,2#主变保护B主变过载闭锁有载调压,2#主变保护B主变过载闭锁有载调压
76,35kV,2号主变公用,2号主变保护B,二次设备,异常,,,PSCBDB复归/告警,二次设备异常告警,是,2#主变保护B低压侧202过负荷告警,2#主变保护B低压侧202过负荷告警
77,35kV,2号主变公用,2号主变非电量保护,二次设备,异常,,,PSCBDB退出/投入,一般遥信,是,2#主变非电量保护检修压板投入,2#主变非电量保护检修压板投入
78,35kV,2号主变公用,2号主变保护A,二次设备,异常,,,PSCADA恢复/中断,二次设备故障告警,是,2#主变保护A保护装置通信中断,2#主变保护A保护装置通信中断
79,35kV,2号主变公用,2号主变保护B,二次设备,异常,,,PSCADA恢复/中断,二次设备故障告警,是,2#主变保护B保护装置通信中断,2#主变保护B保护装置通信中断
80,35kV,2号主变公用,2号主变非电量保护,二次设备,异常,,,PSCADA恢复/中断,二次设备故障告警,是,2#主变非电量保护保护装置通信中断,2#主变非电量保护保护装置通信中断
81,35kV,35kV源灰一线,313测控,二次设备,异常,,,PSCBDB退出/投入,一般遥信,是,1#主变313测控装置检修压板投入,1#主变313测控装置检修压板投入
82,35kV,35kV源灰一线,313测控,二次设备,告知,,,PSCADA远方/就地,一般遥信,是,1#主变313测控装置控制切至就地位置,1#主变313测控装置控制切至就地位置
83,35kV,35kV源灰一线,313开关机构,辅助设备,异常,,,PSCADA复归/告警,主设备异常告警,是,313开关控制回路断线,313开关控制回路断线
84,35kV,35kV源灰一线,313间隔事故总,二次设备,事故,,,PSCADA复归/动作,保护事件,是,313间隔事故总,313间隔事故总
85,35kV,1号主变公用,1号主变保护A,二次设备,异常,,,PSCADA复归/告警,二次设备故障告警,是,1#主变保护A保护装置故障,1#主变保护A保护装置故障
86,35kV,1号主变公用,1号主变保护A,二次设备,异常,,,PSCADA复归/告警,二次设备异常告警,是,1#主变保护A保护装置异常1,1#主变保护A保护装置异常1
87,35kV,1号主变公用,1号主变保护A,二次设备,事故,,,PSCADA复归/动作,保护事件,是,1#主变保护A保护动作,1#主变保护A保护动作
88,35kV,1号主变公用,1号主变保护A,二次设备,异常,,,PSCADA复归/告警,二次设备异常告警,是,1#主变保护A过负荷告警,1#主变保护A过负荷告警
89,35kV,1号主变公用,1号主变保护B,二次设备,异常,,,PSCBDB复归/告警,二次设备故障告警,是,1#主变保护B保护装置故障,1#主变保护B保护装置故障
90,35kV,1号主变公用,1号主变保护B,二次设备,异常,,,PSCBDB复归/告警,二次设备异常告警,是,1#主变保护B保护装置异常,1#主变保护B保护装置异常
91,35kV,1号主变公用,1号主变保护B,二次设备,事故,,,PSCBDB复归/动作,保护事件,是,1#主变保护B保护动作,1#主变保护B保护动作
92,35kV,1号主变公用,1号主变保护B,二次设备,异常,,,PSCBDB复归/告警,二次设备异常告警,是,1#主变保护B过负荷告警,1#主变保护B过负荷告警
93,35kV,1号主变公用,1号主变非电量保护,二次设备,异常,,,PSCADA复归/告警,二次设备故障告警,是,1#主变本体非电量保护装置故障,1#主变本体非电量保护装置故障
94,35kV,1号主变公用,1号主变非电量保护,二次设备,异常,,,PSCADA复归/告警,二次设备异常告警,是,1#主变本体非电量保护装置异常,1#主变本体非电量保护装置异常
95,35kV,1号主变公用,1号主变非电量保护,二次设备,事故,,,PSCADA复归/动作,保护事件,是,1#主变非电量保护动作,1#主变非电量保护动作
96,35kV,1号主变公用,1号主变机构,辅助设备,事故,,,PSCADA复归/动作,主设备故障告警,是,1#主变本体重瓦斯跳闸,1#主变本体重瓦斯跳闸
97,35kV,1号主变公用,1号主变机构,辅助设备,异常,,,PSCADA复归/告警,主设备异常告警,是,1#主变本体压力释放告警,1#主变本体压力释放告警
98,35kV,1号主变公用,1号主变机构,辅助设备,异常,,,PSCADA复归/告警,主设备异常告警,是,1#主变本体轻瓦斯告警,1#主变本体轻瓦斯告警
99,35kV,1号主变公用,1号主变机构,辅助设备,事故,,,PSCADA复归/告警,主设备异常告警,是,1#主变本体油温高跳闸,1#主变本体油温高跳闸
100,35kV,1号主变公用,1号主变机构,辅助设备,异常,,,PSCADA复归/告警,主设备异常告警,是,1#主变本体油温高告警,1#主变本体油温高告警
101,35kV,1号主变公用,1号主变机构,辅助设备,事故,,,PSCADA复归/告警,主设备异常告警,是,1#主变有载重瓦斯跳闸,1#主变有载重瓦斯跳闸
102,35kV,1号主变公用,1号主变机构,辅助设备,异常,,,PSCADA复归/告警,主设备异常告警,是,1#主变有载轻瓦斯告警,1#主变有载轻瓦斯告警
103,35kV,35kV源灰一线,313开关,交流开关,变位,,位置遥信,PSCADA分位/合位,一般遥信,是,313开关合位,313开关合位
104,35kV,35kV源灰一线,313开关机构,辅助设备,异常,,,PSCADA已储能/未储能,主设备异常告警,是,313开关机构弹簧未储能,313开关机构弹簧未储能
105,35kV,35kV源灰一线,313开关手车,交流刀闸,告知,,位置遥信,PSCADA拉出/推入,一般遥信,是,313开关手车工作位置,313开关手车工作位置
106,35kV,35kV源灰一线,313开关机构,辅助设备,异常,,,PSCADA复归/告警,主设备异常告警,是,313开关机构储能电机故障,313开关机构储能电机故障
107,35kV,35kV源灰一线,313开关机构,辅助设备,异常,,,PSCADA复归/告警,主设备异常告警,是,313开关柜加热空开断开,313开关柜加热空开断开
108,35kV,35kV源灰一线,313-2手车,交流刀闸,告知,,位置遥信,PSCADA拉出/推入,一般遥信,是,313-2手车工作位置,313-2手车工作位置
109,35kV,35kV源灰一线,313开关机构,辅助设备,异常,,,PSCADA复归/告警,主设备异常告警,是,313-2加热器故障,313-2加热器故障
110,35kV,1号主变35kV侧,301-4手车,交流刀闸,告知,,位置遥信,PSCADA拉出/推入,一般遥信,是,301-4隔离柜手车工作位置,301-4隔离柜手车工作位置
111,35kV,1号主变35kV侧,301-07接地刀闸,接地刀闸,告知,,位置遥信,PSCADA分位/合位,一般遥信,是,301-07隔离柜接地刀刀闸合位,301-07隔离柜接地刀刀闸合位
112,35kV,1号主变35kV侧,301-4刀闸机构,辅助设备,异常,,,PSCADA复归/告警,主设备异常告警,是,301-4隔离柜加热空开断开,301-4隔离柜加热空开断开
113,35kV,35kV4母线,34-9手车,交流刀闸,告知,,位置遥信,PSCADA分位/合位,一般遥信,是,34-9PT手车工作位置,34-9PT手车工作位置
114,35kV,35kV4母线,35kV4母PT,电压互感器,异常,,,PSCADA复归/告警,主设备异常告警,是,34-9PT测量保护二次电压空开跳开,34-9PT测量保护二次电压空开跳开
115,35kV,35kV4母线,35kV4母PT,电压互感器,异常,,,PSCADA复归/告警,主设备异常告警,是,34-9加热器故障,34-9加热器故障
116,35kV,35kV源灰二线,316测控,二次设备,异常,,,PSCADA复归/告警,二次设备故障告警,是,2#主变316测控装置故障,2#主变316测控装置故障
117,35kV,35kV源灰二线,316测控,二次设备,异常,,,PSCADA复归/告警,二次设备异常告警,是,2#主变316测控装置异常,2#主变316测控装置异常
118,35kV,35kV源灰一线,313测控,二次设备,异常,,,PSCADA恢复/中断,二次设备故障告警,是,1#主变313测控装置通信中断,1#主变313测控装置通信中断
119,10kV,1号主变10kV侧,201测控,二次设备,异常,,,PSCBDB退出/投入,一般遥信,是,1#主变201测控装置检修压板投入,1#主变201测控装置检修压板投入
120,10kV,1号主变10kV侧,201测控,二次设备,告知,,,PSCADA远方/就地,一般遥信,是,1#主变201测控装置控制切至就地位置,1#主变201测控装置控制切至就地位置
121,10kV,1号主变10kV侧,201开关机构,辅助设备,异常,,,PSCADA复归/告警,主设备异常告警,是,201开关控制回路断线,201开关控制回路断线
122,10kV,1号主变10kV侧,201间隔事故总,二次设备,事故,,,PSCADA复归/动作,保护事件,是,201间隔事故总,201间隔事故总
123,10kV,1号主变10kV侧,201开关,交流开关,变位,,位置遥信,PSCADA分位/合位,一般遥信,是,201开关合位,201开关合位
124,10kV,1号主变10kV侧,201开关手车,交流刀闸,告知,,位置遥信,PSCADA拉出/推入,一般遥信,是,201开关手车工作位置,201开关手车工作位置
125,10kV,1号主变10kV侧,201开关机构,辅助设备,异常,,,PSCADA已储能/未储能,主设备异常告警,是,201开关机构弹簧未储能,201开关机构弹簧未储能
126,10kV,1号主变10kV侧,201开关机构,辅助设备,异常,,,PSCADA复归/告警,主设备异常告警,是,201开关机构储能电机故障,201开关机构储能电机故障
127,10kV,1号主变10kV侧,201开关机构,辅助设备,异常,,,PSCADA复归/告警,主设备异常告警,是,201开关机构加热器故障,201开关机构加热器故障
128,10kV,10kV4母线,24-9手车,交流刀闸,告知,,位置遥信,PSCADA分位/合位,一般遥信,是,24-9PT手车工作位置,24-9PT手车工作位置
129,10kV,10kV4母线,10kV4母PT,电压互感器,异常,,,PSCADA复归/告警,主设备异常告警,是,24-9PT测量保护二次电压空开跳开,24-9PT测量保护二次电压空开跳开
130,10kV,10kV4母线,10kV4母PT,电压互感器,异常,,,PSCADA复归/告警,主设备异常告警,是,24-9PT计量二次电压空开跳开,24-9PT计量二次电压空开跳开
131,10kV,10kV4母线,10kV4母PT,电压互感器,异常,,,PSCADA复归/告警,主设备异常告警,是,24-9PT柜加热回路空开断线,24-9PT柜加热回路空开断线
132,10kV,2号主变10kV侧,202测控,二次设备,异常,,,PSCADA复归/告警,二次设备故障告警,是,2#主变202测控装置故障,2#主变202测控装置故障
133,10kV,2号主变10kV侧,202测控,二次设备,异常,,,PSCADA复归/告警,二次设备异常告警,是,2#主变202测控装置异常,2#主变202测控装置异常
134,10kV,1号主变10kV侧,201测控,二次设备,异常,,,PSCADA恢复/中断,二次设备故障告警,是,1#主变201测控装置通信中断,1#主变201测控装置通信中断
135,35kV,35kV源灰二线,316测控,二次设备,异常,,,PSCBDB退出/投入,一般遥信,是,2#主变316测控装置检修压板投入,2#主变316测控装置检修压板投入
136,35kV,35kV源灰二线,316测控,二次设备,告知,,,PSCADA远方/就地,一般遥信,是,2#主变316测控装置控制切至就地位置,2#主变316测控装置控制切至就地位置
137,35kV,35kV源灰二线,316开关机构,辅助设备,异常,,,PSCADA复归/告警,主设备异常告警,是,316开关控制回路断线,316开关控制回路断线
138,35kV,35kV源灰二线,316间隔事故总,二次设备,事故,,,PSCADA复归/动作,保护事件,是,316间隔事故总,316间隔事故总
139,35kV,2号主变公用,2号主变保护A,二次设备,异常,,,PSCADA复归/告警,二次设备故障告警,是,2#主变保护A保护装置故障,2#主变保护A保护装置故障
140,35kV,2号主变公用,2号主变保护A,二次设备,异常,,,PSCADA复归/告警,二次设备异常告警,是,2#主变保护A保护装置异常,2#主变保护A保护装置异常
141,35kV,2号主变公用,2号主变保护A,二次设备,事故,,,PSCADA复归/动作,保护事件,是,2#主变保护A保护动作,2#主变保护A保护动作
142,35kV,2号主变公用,2号主变保护A,二次设备,异常,,,PSCADA复归/告警,二次设备异常告警,是,2#主变保护A过负荷告警,2#主变保护A过负荷告警
143,35kV,2号主变公用,2号主变保护B,二次设备,异常,,,PSCBDB复归/告警,二次设备故障告警,是,2#主变保护B保护装置故障,2#主变保护B保护装置故障
144,35kV,2号主变公用,2号主变保护B,二次设备,异常,,,PSCBDB复归/告警,二次设备异常告警,是,2#主变保护B保护装置异常,2#主变保护B保护装置异常
145,35kV,2号主变公用,2号主变保护B,二次设备,事故,,,PSCBDB复归/动作,保护事件,是,2#主变保护B保护动作,2#主变保护B保护动作
146,35kV,2号主变公用,2号主变保护B,二次设备,异常,,,PSCBDB复归/告警,二次设备异常告警,是,2#主变保护B过负荷告警,2#主变保护B过负荷告警
147,35kV,2号主变公用,2号主变非电量保护,二次设备,异常,,,PSCADA复归/告警,二次设备故障告警,是,2#主变本体非电量保护装置故障,2#主变本体非电量保护装置故障
148,35kV,2号主变公用,2号主变非电量保护,二次设备,异常,,,PSCADA复归/告警,二次设备异常告警,是,2#主变本体非电量保护装置异常,2#主变本体非电量保护装置异常
149,35kV,2号主变公用,2号主变非电量保护,二次设备,事故,,,PSCADA复归/动作,保护事件,是,2#主变本体非电量保护动作,2#主变本体非电量保护动作
150,35kV,2号主变公用,2号主变机构,辅助设备,事故,,,PSCADA复归/动作,主设备故障告警,是,2#主变本体重瓦斯跳闸,2#主变本体重瓦斯跳闸
151,35kV,2号主变公用,2号主变机构,辅助设备,事故,,,PSCADA复归/动作,主设备故障告警,是,2#主变本体压力释放跳闸,2#主变本体压力释放跳闸
152,35kV,2号主变公用,2号主变机构,辅助设备,异常,,,PSCADA复归/告警,主设备异常告警,是,2#主变本体轻瓦斯告警,2#主变本体轻瓦斯告警
153,35kV,2号主变公用,2号主变机构,辅助设备,事故,,,PSCADA复归/动作,主设备故障告警,是,2#主变本体油温高跳闸,2#主变本体油温高跳闸
154,35kV,2号主变公用,2号主变机构,辅助设备,异常,,,PSCADA复归/告警,主设备异常告警,是,2#主变本体油温高告警,2#主变本体油温高告警
155,35kV,2号主变公用,2号主变机构,辅助设备,事故,,,PSCADA复归/动作,主设备故障告警,是,2#主变有载重瓦斯跳闸,2#主变有载重瓦斯跳闸
156,35kV,2号主变公用,2号主变机构,辅助设备,异常,,,PSCADA复归/告警,主设备异常告警,是,2#主变有载轻瓦斯告警,2#主变有载轻瓦斯告警
157,35kV,35kV源灰二线,316开关,交流开关,变位,,位置遥信,PSCADA分位/合位,一般遥信,是,316开关合位,316开关合位
158,35kV,35kV源灰二线,316开关机构,辅助设备,异常,,,PSCADA已储能/未储能,主设备异常告警,是,316开关机构弹簧未储能,316开关机构弹簧未储能
159,35kV,35kV源灰二线,316开关手车,交流刀闸,告知,,位置遥信,PSCADA拉出/推入,一般遥信,是,316手车工作位置,316手车工作位置
160,35kV,35kV源灰二线,316开关机构,辅助设备,异常,,,PSCADA复归/告警,主设备异常告警,是,316开关机构储能电机故障,316开关机构储能电机故障
161,35kV,35kV源灰二线,316开关机构,辅助设备,异常,,,PSCADA复归/告警,主设备异常告警,是,316开关柜加热空开断开,316开关柜加热空开断开
162,35kV,35kV源灰二线,316-2手车,交流刀闸,告知,,位置遥信,PSCADA拉出/推入,一般遥信,是,316-2手车工作位置,316-2手车工作位置
163,35kV,35kV源灰二线,316开关机构,辅助设备,异常,,,PSCADA复归/告警,主设备异常告警,是,316-2加热器故障,316-2加热器故障
164,35kV,2号主变35kV侧,302-5手车,交流刀闸,告知,,位置遥信,PSCADA拉出/推入,一般遥信,是,302-5隔离柜手车工作位置,302-5隔离柜手车工作位置
165,35kV,2号主变35kV侧,302-07接地刀闸,接地刀闸,告知,,位置遥信,PSCADA分位/合位,一般遥信,是,302-07隔离柜接地刀位置合位,302-07隔离柜接地刀位置合位
166,35kV,2号主变35kV侧,302-5刀闸机构,辅助设备,异常,,,PSCADA复归/告警,主设备异常告警,是,302-5隔离柜加热空开断开,302-5隔离柜加热空开断开
167,35kV,35kV5母线,35-9手车,交流刀闸,告知,,位置遥信,PSCADA分位/合位,一般遥信,是,35-9PT手车工作位置,35-9PT手车工作位置
168,35kV,35kV5母线,35kV5母PT,电压互感器,异常,,,PSCADA复归/告警,主设备异常告警,是,35-9PT测量保护二次电压空开跳开,35-9PT测量保护二次电压空开跳开
169,35kV,35kV5母线,35kV5母PT,电压互感器,异常,,,PSCADA复归/告警,主设备异常告警,是,35-9PT加热器故障,35-9PT加热器故障
170,35kV,35kV源灰一线,313测控,二次设备,异常,,,PSCADA复归/告警,二次设备故障告警,是,1#主变313测控装置故障,1#主变313测控装置故障
171,35kV,35kV源灰一线,313测控,二次设备,异常,,,PSCADA复归/告警,二次设备异常告警,是,1#主变313测控装置异常,1#主变313测控装置异常
172,35kV,35kV源灰二线,316测控,二次设备,异常,,,PSCADA恢复/中断,二次设备故障告警,是,2#主变316测控装置通信中断,2#主变316测控装置通信中断
173,10kV,2号主变10kV侧,202测控,二次设备,异常,,,PSCBDB退出/投入,一般遥信,是,2#主变202测控测控装置检修压板投入,2#主变202测控测控装置检修压板投入
174,10kV,2号主变10kV侧,202测控,二次设备,告知,,,PSCADA远方/就地,一般遥信,是,2#主变202测控测控装置控制切至就地位置,2#主变202测控测控装置控制切至就地位置
175,10kV,2号主变10kV侧,202开关机构,辅助设备,异常,,,PSCADA复归/告警,主设备异常告警,是,202开关控制回路断线,202开关控制回路断线
176,10kV,2号主变10kV侧,202间隔事故总,二次设备,事故,,,PSCADA复归/动作,保护事件,是,202间隔事故总,202间隔事故总
177,10kV,2号主变10kV侧,202开关,交流开关,变位,,位置遥信,PSCADA分位/合位,一般遥信,是,202开关合位,202开关合位
178,10kV,2号主变10kV侧,202开关手车,交流刀闸,告知,,位置遥信,PSCADA拉出/推入,一般遥信,是,202手车工作位置,202手车工作位置
179,10kV,2号主变10kV侧,202开关机构,辅助设备,异常,,,PSCADA已储能/未储能,主设备异常告警,是,202开关机构弹簧未储能,202开关机构弹簧未储能
180,10kV,2号主变10kV侧,202开关机构,辅助设备,异常,,,PSCADA复归/告警,主设备异常告警,是,202开关机构储能电机故障,202开关机构储能电机故障
181,10kV,2号主变10kV侧,202开关机构,辅助设备,异常,,,PSCADA复归/告警,主设备异常告警,是,202开关机构加热器故障,202开关机构加热器故障
182,10kV,10kV5母线,25-9手车,交流刀闸,告知,,位置遥信,PSCADA分位/合位,一般遥信,是,25-9PT手车工作位置,25-9PT手车工作位置
183,10kV,10kV5母线,10kV5母PT,电压互感器,异常,,,PSCADA复归/告警,主设备异常告警,是,25-9PT测量保护二次电压空开跳开,25-9PT测量保护二次电压空开跳开
184,10kV,10kV5母线,10kV5母PT,电压互感器,异常,,,PSCADA复归/告警,主设备异常告警,是,25-9PT计量二次电压空开跳开,25-9PT计量二次电压空开跳开
185,10kV,10kV5母线,10kV5母PT,电压互感器,异常,,,PSCADA复归/告警,主设备异常告警,是,25-9PT柜加热回路空开断线,25-9PT柜加热回路空开断线
186,10kV,1号主变10kV侧,201测控,二次设备,异常,,,PSCADA复归/告警,二次设备故障告警,是,1#主变201测控装置故障,1#主变201测控装置故障
187,10kV,1号主变10kV侧,201测控,二次设备,异常,,,PSCADA复归/告警,二次设备异常告警,是,1#主变201测控装置异常,1#主变201测控装置异常
188,10kV,2号主变10kV侧,202测控,二次设备,异常,,,PSCADA恢复/中断,二次设备故障告警,是,2#主变202测控装置通信中断,2#主变202测控装置通信中断
189,35kV,公用间隔,公用测控装置1,二次设备,异常,,,PSCBDB退出/投入,一般遥信,是,公用测控装置1检修压板投入,公用测控装置1检修压板投入
190,35kV,公用间隔,10kV低频减载装置,二次设备,异常,,,PSCADA复归/告警,二次设备故障告警,是,10kV低频减载装置直流消失,10kV低频减载装置直流消失
191,35kV,公用间隔,10kV低频减载装置,二次设备,事故,,,PSCADA复归/动作,保护事件,是,10kV低频减载装置动作,10kV低频减载装置动作
192,35kV,公用间隔,10kV低频减载装置,二次设备,异常,,,PSCADA复归/告警,二次设备异常告警,是,10kV低频减载装置PT断线,10kV低频减载装置PT断线
193,35kV,公用间隔,10kV低频减载装置,二次设备,异常,,,PSCADA复归/告警,二次设备异常告警,是,10kV低频减载装置频率告警,10kV低频减载装置频率告警
194,35kV,公用间隔,10kV低频减载装置,二次设备,异常,,,PSCADA复归/告警,二次设备异常告警,是,10kV低频减载装置异常,10kV低频减载装置异常
195,35kV,公用间隔,小电流接地选线,二次设备,异常,,,PSCADA复归/告警,二次设备异常告警,是,小电流接地选线10-4母接地,小电流接地选线10-4母接地
196,35kV,公用间隔,小电流接地选线,二次设备,异常,,,PSCADA复归/告警,二次设备异常告警,是,小电流接地选线10-5母接地,小电流接地选线10-5母接地
197,35kV,公用间隔,小电流接地选线,二次设备,异常,,,PSCADA复归/告警,二次设备异常告警,是,小电流接地选线装置异常,小电流接地选线装置异常
198,35kV,公用间隔,小电流接地选线,二次设备,异常,,,PSCADA复归/告警,二次设备异常告警,是,小电流接地选线谐振,小电流接地选线谐振
199,35kV,公用间隔,小电流接地选线,二次设备,异常,,,PSCADA复归/告警,二次设备故障告警,是,小电流接地选线装置故障,小电流接地选线装置故障
200,35kV,公用间隔,1号消弧线圈,二次设备,异常,,,PSCADA复归/告警,二次设备故障告警,是,1#消弧线圈控制装置故障,1#消弧线圈控制装置故障
201,35kV,公用间隔,1号消弧线圈,二次设备,异常,,,PSCADA复归/告警,二次设备故障告警,是,1#消弧线圈控制装置直流失电,1#消弧线圈控制装置直流失电
202,35kV,公用间隔,1号消弧线圈,二次设备,异常,,,PSCADA复归/告警,二次设备异常告警,是,1#消弧线圈10-4母线接地故障,1#消弧线圈10-4母线接地故障
203,35kV,公用间隔,1号消弧线圈,二次设备,异常,,,PSCADA复归/告警,二次设备故障告警,是,1#消弧线圈控制装置交流失电,1#消弧线圈控制装置交流失电
204,35kV,公用间隔,2号消弧线圈,二次设备,异常,,,PSCADA复归/告警,二次设备故障告警,是,2#消弧线圈控制装置故障,2#消弧线圈控制装置故障
205,35kV,公用间隔,2号消弧线圈,二次设备,异常,,,PSCADA复归/告警,二次设备故障告警,是,2#消弧线圈控制装置直流失电,2#消弧线圈控制装置直流失电
206,35kV,公用间隔,2号消弧线圈,二次设备,异常,,,PSCADA复归/告警,二次设备异常告警,是,2#消弧线圈10-5母线接地故障,2#消弧线圈10-5母线接地故障
207,35kV,公用间隔,2号消弧线圈,二次设备,异常,,,PSCADA复归/告警,二次设备故障告警,是,2#消弧线圈控制装置交流失电,2#消弧线圈控制装置交流失电
208,35kV,35kV345分段,345-5手车,交流刀闸,告知,,位置遥信,PSCADA分位/合位,一般遥信,是,345-5手车工作位置,345-5手车工作位置
209,35kV,35kV345分段,345-5机构,辅助设备,异常,,,PSCADA复归/告警,主设备异常告警,是,345-5隔离柜加热空开断开,345-5隔离柜加热空开断开
210,10kV,10kV245分段,245-4机构,辅助设备,异常,,,PSCADA复归/告警,主设备异常告警,是,245-4隔离柜交换机装置故障,245-4隔离柜交换机装置故障
211,10kV,10kV245分段,245-4机构,辅助设备,异常,,,PSCADA复归/告警,主设备异常告警,是,245-4隔离柜交换机装置异常,245-4隔离柜交换机装置异常
212,10kV,10kV245分段,245-4手车,交流刀闸,告知,,位置遥信,PSCADA分位/合位,一般遥信,是,245-4手车工作位置,245-4手车工作位置
213,10kV,10kV245分段,245-4机构,辅助设备,异常,,,PSCADA复归/告警,主设备异常告警,是,245-4隔离柜加热温控回路空开告警,245-4隔离柜加热温控回路空开告警
214,35kV,35kV345分段,345分段保护,二次设备,异常,,,PSCADA复归/告警,二次设备故障告警,是,345母联保护装置故障,345母联保护装置故障
215,35kV,35kV345分段,345分段保护,二次设备,异常,,,PSCADA复归/告警,二次设备异常告警,是,345母联保护装置异常,345母联保护装置异常
216,35kV,35kV345分段,345分段保护,二次设备,事故,,,PSCADA复归/动作,保护事件,是,345母联保护动作,345母联保护动作
217,35kV,35kV345分段,345分段保护,辅助设备,异常,,,PSCADA复归/告警,主设备异常告警,是,345合闸信号,345合闸信号
218,35kV,35kV345分段,345开关机构,辅助设备,异常,,,PSCADA复归/告警,主设备异常告警,是,345开关控制回路断线,345开关控制回路断线
219,35kV,35kV345分段,345间隔事故总,二次设备,事故,,,PSCADA复归/动作,保护事件,是,345间隔事故总,345间隔事故总
220,10kV,10kV245分段,245分段保护,二次设备,异常,,,PSCADA复归/告警,二次设备故障告警,是,245分段保护装置故障,245分段保护装置故障
221,10kV,10kV245分段,245分段保护,二次设备,异常,,,PSCADA复归/告警,二次设备异常告警,是,245分段保护装置异常,245分段保护装置异常
222,10kV,10kV245分段,245分段保护,二次设备,事故,,,PSCADA复归/动作,保护事件,是,245分段保护动作,245分段保护动作
223,10kV,10kV245分段,245分段保护,辅助设备,异常,,,PSCADA复归/告警,主设备异常告警,是,245合闸信号,245合闸信号
224,10kV,10kV245分段,245开关机构,辅助设备,异常,,,PSCADA复归/告警,主设备异常告警,是,245开关控制回路断线,245开关控制回路断线
225,10kV,10kV245分段,245间隔事故总,二次设备,事故,,,PSCADA复归/动作,保护事件,是,245间隔事故总,245间隔事故总
226,35kV,公用间隔,公用测控装置2,二次设备,异常,,,PSCADA复归/告警,二次设备故障告警,是,公用测控2测控装置故障,公用测控2测控装置故障
227,35kV,公用间隔,公用测控装置2,二次设备,异常,,,PSCADA复归/告警,二次设备异常告警,是,公用测控2测控装置异常,公用测控2测控装置异常
228,35kV,公用间隔,公用测控装置1,二次设备,异常,,,PSCADA恢复/中断,二次设备故障告警,是,公用测控1测控装置通信中断,公用测控1测控装置通信中断
229,35kV,公用间隔,公用测控装置2,二次设备,异常,,,PSCBDB退出/投入,一般遥信,是,公用测控2检修压板投入,公用测控2检修压板投入
230,380V,交直流间隔,直流系统,辅助设备,异常,,,PSCADA复归/告警,辅设备异常告警,是,直流系统充电机故障,直流系统充电机故障
231,380V,交直流间隔,直流系统,辅助设备,异常,,,PSCADA复归/告警,辅设备异常告警,是,直流系统母线电压异常,直流系统母线电压异常
232,380V,交直流间隔,直流系统,辅助设备,异常,,,PSCADA复归/告警,辅设备异常告警,是,直流系统蓄电池异常,直流系统蓄电池异常
233,380V,交直流间隔,直流系统,辅助设备,异常,,,PSCADA复归/告警,辅设备异常告警,是,直流系统蓄电池总熔丝熔断,直流系统蓄电池总熔丝熔断
234,380V,交直流间隔,直流系统,辅助设备,异常,,,PSCADA复归/告警,辅设备异常告警,是,直流系统绝缘故障,直流系统绝缘故障
235,380V,交直流间隔,直流系统,辅助设备,异常,,,PSCADA复归/告警,辅设备异常告警,是,直流系统交流输入故障,直流系统交流输入故障
236,380V,交直流间隔,直流系统,辅助设备,异常,,,PSCADA复归/告警,辅设备异常告警,是,直流充电屏主开关及馈线脱扣故障,直流充电屏主开关及馈线脱扣故障
237,380V,交直流间隔,直流系统,辅助设备,异常,,,PSCADA复归/告警,辅设备异常告警,是,直流系统故障,直流系统故障
238,380V,交直流间隔,直流系统,辅助设备,异常,,,PSCADA复归/告警,辅设备异常告警,是,直流系统监控装置故障,直流系统监控装置故障
239,380V,交直流间隔,直流系统,辅助设备,异常,,,PSCADA复归/告警,辅设备异常告警,是,直流充电屏交流混入,直流充电屏交流混入
240,380V,交直流间隔,站用电,辅助设备,异常,,,PSCADA复归/告警,辅设备异常告警,是,站用电屏主开关故障,站用电屏主开关故障
241,380V,交直流间隔,站用电,辅助设备,异常,,,PSCADA复归/告警,辅设备异常告警,是,站用电屏馈线脱扣故障,站用电屏馈线脱扣故障
242,380V,交直流间隔,站用电,辅助设备,异常,,,PSCADA复归/告警,辅设备异常告警,是,站用电屏防雷器故障,站用电屏防雷器故障
243,380V,交直流间隔,站用电,辅助设备,异常,,,PSCADA复归/告警,辅设备异常告警,是,站用电屏交流系统故障,站用电屏交流系统故障
244,380V,交直流间隔,站用电,辅助设备,异常,,,PSCADA复归/告警,辅设备异常告警,是,站用电屏交流电源故障,站用电屏交流电源故障
245,380V,交直流间隔,站用电,辅助设备,异常,,,PSCADA复归/告警,辅设备异常告警,是,站用电屏交流母线电压异常,站用电屏交流母线电压异常
246,380V,交直流间隔,站用电,辅助设备,异常,,,PSCADA复归/告警,辅设备异常告警,是,站用电屏交流母线电压异常（重复1）,站用电屏交流母线电压异常（重复1）
247,380V,交直流间隔,站用电,辅助设备,异常,,,PSCADA复归/告警,辅设备异常告警,是,站用电屏交流监控器故障,站用电屏交流监控器故障
248,380V,交直流间隔,UPS,辅助设备,异常,,,PSCADA复归/告警,辅设备异常告警,是,UPS交流输入故障,UPS交流输入故障
249,380V,交直流间隔,UPS,辅助设备,异常,,,PSCADA复归/告警,辅设备异常告警,是,UPS直流输入故障,UPS直流输入故障
250,380V,交直流间隔,UPS,辅助设备,异常,,,PSCADA复归/告警,辅设备异常告警,是,UPS逆变部件故障,UPS逆变部件故障
251,380V,交直流间隔,UPS,辅助设备,异常,,,PSCADA复归/告警,辅设备异常告警,是,UPS交流输出异常,UPS交流输出异常
252,380V,交直流间隔,UPS,辅助设备,异常,,,PSCADA复归/告警,辅设备异常告警,是,UPS直流供电,UPS直流供电
253,380V,交直流间隔,UPS,辅助设备,异常,,,PSCADA复归/告警,辅设备异常告警,是,UPS防雷器故障,UPS防雷器故障
254,380V,交直流间隔,UPS,辅助设备,异常,,,PSCADA复归/告警,辅设备异常告警,是,UPS馈线脱扣故障,UPS馈线脱扣故障
255,380V,交直流间隔,UPS,辅助设备,异常,,,PSCADA复归/告警,辅设备异常告警,是,UPS监视器故障,UPS监视器故障
256,35kV,公用间隔,公用测控装置1,二次设备,异常,,,PSCADA复归/告警,二次设备故障告警,是,公用测控1测控装置故障,公用测控1测控装置故障
257,35kV,公用间隔,公用测控装置1,二次设备,异常,,,PSCADA复归/告警,二次设备异常告警,是,公用测控1测控装置异常,公用测控1测控装置异常
258,35kV,公用间隔,公用测控装置2,二次设备,异常,,,PSCADA恢复/中断,二次设备故障告警,是,公用测控2测控装置通信中断,公用测控2测控装置通信中断
259,10kV,10kV277备用线,277线路保护,二次设备,告知,,,PSCADA远方/就地,一般遥信,是,277装置把手就地,277装置把手就地
260,10kV,10kV277备用线,277线路保护,二次设备,异常,,,PSCADA退出/投入,一般遥信,是,277开关保护检修压板投入,277开关保护检修压板投入
261,10kV,10kV277备用线,277线路保护,二次设备,异常,,,PSCADA放电/已充电,一般遥信,是,277保护重合闸充电完成,277保护重合闸充电完成
262,10kV,10kV277备用线,277开关,交流开关,变位,,位置遥信,PSCADA分位/合位,一般遥信,是,277开关合位,277开关合位
263,10kV,10kV277备用线,277开关手车,交流刀闸,告知,,位置遥信,PSCADA拉出/推入,一般遥信,是,277开关手车工作位置,277开关手车工作位置
264,10kV,10kV277备用线,277-27接地刀闸,接地刀闸,告知,,位置遥信,PSCADA分位/合位,一般遥信,是,277-27接地刀闸位置合位,277-27接地刀闸位置合位
265,10kV,10kV277备用线,277开关机构,辅助设备,异常,,,PSCADA复归/告警,主设备异常告警,是,277开关机构储能电机故障,277开关机构储能电机故障
266,10kV,10kV277备用线,277开关机构,辅助设备,异常,,,PSCADA复归/告警,主设备异常告警,是,277开关机构加热器故障,277开关机构加热器故障
267,10kV,10kV277备用线,277线路保护,二次设备,异常,,,PSCADA复归/告警,二次设备故障告警,是,277开关保护装置故障,277开关保护装置故障
268,10kV,10kV277备用线,277线路保护,二次设备,变位,,,PSCADA退出/投入,软压板,是,277停用保护重合闸软压板,277停用保护重合闸软压板
269,10kV,10kV277备用线,277线路保护,二次设备,事故,,,PSCADA复归/动作,保护事件,是,277开关保护过流Ⅰ段动作,277开关保护过流Ⅰ段动作
270,10kV,10kV277备用线,277线路保护,二次设备,事故,,,PSCADA复归/动作,保护事件,是,277开关保护过流Ⅱ段动作（速断）,277开关保护过流Ⅱ段动作（速断）
271,10kV,10kV277备用线,277线路保护,二次设备,事故,,,PSCADA复归/动作,保护事件,是,277开关保护过流Ⅲ段动作（过流）,277开关保护过流Ⅲ段动作（过流）
272,10kV,10kV277备用线,277线路保护,二次设备,事故,,,PSCADA复归/动作,保护事件,是,277开关保护重合闸动作,277开关保护重合闸动作
273,10kV,10kV277备用线,277线路保护,二次设备,异常,,,PSCADA复归/告警,二次设备异常告警,是,277开关保护装置异常,277开关保护装置异常
274,10kV,10kV277备用线,277间隔事故总,二次设备,事故,,,PSCADA复归/动作,保护事件,是,277间隔事故总,277间隔事故总
275,10kV,10kV277备用线,277开关机构,辅助设备,异常,,,PSCADA复归/告警,主设备异常告警,是,277开关保护PT断线报警,277开关保护PT断线报警
276,10kV,10kV277备用线,277开关机构,辅助设备,异常,,,PSCADA复归/告警,主设备异常告警,是,277开关控制回路断线,277开关控制回路断线
277,10kV,10kV277备用线,277开关机构,辅助设备,异常,,,PSCADA已储能/未储能,主设备异常告警,是,277开关机构弹簧未储能,277开关机构弹簧未储能
278,10kV,10kV277备用线,277线路保护,二次设备,异常,,,PSCADA恢复/中断,二次设备故障告警,是,277开关保护装置通信中断,277开关保护装置通信中断
279,10kV,10kV灰锅口线,275线路保护,二次设备,告知,,,PSCADA远方/就地,一般遥信,是,275装置把手就地,275装置把手就地
280,10kV,10kV灰锅口线,275线路保护,二次设备,异常,,,PSCADA退出/投入,一般遥信,是,275开关保护检修压板投入,275开关保护检修压板投入
281,10kV,10kV灰锅口线,275线路保护,二次设备,异常,,,PSCADA放电/已充电,一般遥信,是,275保护重合闸充电完成,275保护重合闸充电完成
282,10kV,10kV灰锅口线,275开关,交流开关,变位,,位置遥信,PSCADA分位/合位,一般遥信,是,275开关合位,275开关合位
283,10kV,10kV灰锅口线,275开关手车,交流刀闸,告知,,位置遥信,PSCADA拉出/推入,一般遥信,是,275开关手车工作位置,275开关手车工作位置
284,10kV,10kV灰锅口线,275-27接地刀闸,接地刀闸,告知,,位置遥信,PSCADA分位/合位,一般遥信,是,275-27接地刀闸位置合位,275-27接地刀闸位置合位
285,10kV,10kV灰锅口线,275开关机构,辅助设备,异常,,,PSCADA复归/告警,主设备异常告警,是,275开关机构储能电机故障,275开关机构储能电机故障
286,10kV,10kV灰锅口线,275开关机构,辅助设备,异常,,,PSCADA复归/告警,主设备异常告警,是,275开关机构加热器故障,275开关机构加热器故障
287,10kV,10kV灰锅口线,275线路保护,二次设备,异常,,,PSCADA复归/告警,二次设备故障告警,是,275开关保护装置故障,275开关保护装置故障
288,10kV,10kV灰锅口线,275线路保护,二次设备,变位,,,PSCADA退出/投入,软压板,是,275开关保护装置异常,275开关保护装置异常
289,10kV,10kV灰锅口线,275线路保护,二次设备,事故,,,PSCADA复归/动作,保护事件,是,275停用保护重合闸软压板,275停用保护重合闸软压板
290,10kV,10kV灰锅口线,275线路保护,二次设备,事故,,,PSCADA复归/动作,保护事件,是,275开关保护过流Ⅰ段动作,275开关保护过流Ⅰ段动作
291,10kV,10kV灰锅口线,275线路保护,二次设备,事故,,,PSCADA复归/动作,保护事件,是,275开关保护过流Ⅱ段动作（速断）,275开关保护过流Ⅱ段动作（速断）
292,10kV,10kV灰锅口线,275线路保护,二次设备,事故,,,PSCADA复归/动作,保护事件,是,275开关保护过流Ⅲ段动作（过流）,275开关保护过流Ⅲ段动作（过流）
293,10kV,10kV灰锅口线,275线路保护,二次设备,异常,,,PSCADA复归/告警,二次设备异常告警,是,275开关保护重合闸动作,275开关保护重合闸动作
294,10kV,10kV灰锅口线,275间隔事故总,二次设备,事故,,,PSCADA复归/动作,保护事件,是,275间隔事故总,275间隔事故总
295,10kV,10kV灰锅口线,275开关机构,辅助设备,异常,,,PSCADA复归/告警,主设备异常告警,是,275开关保护PT断线报警,275开关保护PT断线报警
296,10kV,10kV灰锅口线,275开关机构,辅助设备,异常,,,PSCADA复归/告警,主设备异常告警,是,275开关控制回路断线,275开关控制回路断线
297,10kV,10kV灰锅口线,275开关机构,辅助设备,异常,,,PSCADA已储能/未储能,主设备异常告警,是,275开关机构弹簧未储能,275开关机构弹簧未储能
298,10kV,10kV灰锅口线,275线路保护,二次设备,异常,,,PSCADA恢复/中断,二次设备故障告警,是,275开关保护装置通信中断,275开关保护装置通信中断
299,10kV,10kV王塘庄线,273线路保护,二次设备,告知,,,PSCADA远方/就地,一般遥信,是,273装置把手就地,273装置把手就地
300,10kV,10kV王塘庄线,273线路保护,二次设备,异常,,,PSCADA退出/投入,一般遥信,是,273开关保护检修压板投入,273开关保护检修压板投入
301,10kV,10kV王塘庄线,273线路保护,二次设备,异常,,,PSCADA放电/已充电,一般遥信,是,273保护重合闸充电完成,273保护重合闸充电完成
302,10kV,10kV王塘庄线,273开关,交流开关,变位,,位置遥信,PSCADA分位/合位,一般遥信,是,273开关合位,273开关合位
303,10kV,10kV王塘庄线,273开关手车,交流刀闸,告知,,位置遥信,PSCADA拉出/推入,一般遥信,是,273开关手车工作位置,273开关手车工作位置
304,10kV,10kV王塘庄线,273-27接地刀闸,接地刀闸,告知,,位置遥信,PSCADA分位/合位,一般遥信,是,273-27接地刀闸位置合位,273-27接地刀闸位置合位
305,10kV,10kV王塘庄线,273开关机构,辅助设备,异常,,,PSCADA复归/告警,主设备异常告警,是,273开关机构储能电机故障,273开关机构储能电机故障
306,10kV,10kV王塘庄线,273开关机构,辅助设备,异常,,,PSCADA复归/告警,主设备异常告警,是,273开关机构加热器故障,273开关机构加热器故障
307,10kV,10kV王塘庄线,273线路保护,二次设备,异常,,,PSCADA复归/告警,二次设备故障告警,是,273开关保护装置故障,273开关保护装置故障
308,10kV,10kV王塘庄线,273线路保护,二次设备,变位,,,PSCADA退出/投入,软压板,是,273开关保护装置异常,273开关保护装置异常
309,10kV,10kV王塘庄线,273线路保护,二次设备,事故,,,PSCADA复归/动作,保护事件,是,273停用保护重合闸软压板,273停用保护重合闸软压板
310,10kV,10kV王塘庄线,273线路保护,二次设备,事故,,,PSCADA复归/动作,保护事件,是,273开关保护过流Ⅰ段动作,273开关保护过流Ⅰ段动作
311,10kV,10kV王塘庄线,273线路保护,二次设备,事故,,,PSCADA复归/动作,保护事件,是,273开关保护过流Ⅱ段动作（速断）,273开关保护过流Ⅱ段动作（速断）
312,10kV,10kV王塘庄线,273线路保护,二次设备,事故,,,PSCADA复归/动作,保护事件,是,273开关保护过流Ⅲ段动作（过流）,273开关保护过流Ⅲ段动作（过流）
313,10kV,10kV王塘庄线,273线路保护,二次设备,异常,,,PSCADA复归/告警,二次设备异常告警,是,273开关保护重合闸动作,273开关保护重合闸动作
314,10kV,10kV王塘庄线,273间隔事故总,二次设备,事故,,,PSCADA复归/动作,保护事件,是,273间隔事故总,273间隔事故总
315,10kV,10kV王塘庄线,273开关机构,辅助设备,异常,,,PSCADA复归/告警,主设备异常告警,是,273开关保护PT断线报警,273开关保护PT断线报警
316,10kV,10kV王塘庄线,273开关机构,辅助设备,异常,,,PSCADA复归/告警,主设备异常告警,是,273开关控制回路断线,273开关控制回路断线
317,10kV,10kV王塘庄线,273开关机构,辅助设备,异常,,,PSCADA已储能/未储能,主设备异常告警,是,273开关机构弹簧未储能,273开关机构弹簧未储能
318,10kV,10kV王塘庄线,273线路保护,二次设备,异常,,,PSCADA恢复/中断,二次设备故障告警,是,273开关保护装置通信中断,273开关保护装置通信中断
319,10kV,10kV聂庄子线,271线路保护,二次设备,告知,,,PSCADA远方/就地,一般遥信,是,271装置把手就地,271装置把手就地
320,10kV,10kV聂庄子线,271线路保护,二次设备,异常,,,PSCADA退出/投入,一般遥信,是,271开关保护检修压板投入,271开关保护检修压板投入
321,10kV,10kV聂庄子线,271线路保护,二次设备,异常,,,PSCADA放电/已充电,一般遥信,是,271保护重合闸充电完成,271保护重合闸充电完成
322,10kV,10kV聂庄子线,271开关,交流开关,变位,,位置遥信,PSCADA分位/合位,一般遥信,是,271开关合位,271开关合位
323,10kV,10kV聂庄子线,271开关手车,交流刀闸,告知,,位置遥信,PSCADA拉出/推入,一般遥信,是,271开关手车工作位置,271开关手车工作位置
324,10kV,10kV聂庄子线,271-27接地刀闸,接地刀闸,告知,,位置遥信,PSCADA分位/合位,一般遥信,是,271 -27接地刀闸位置合位,271 -27接地刀闸位置合位
325,10kV,10kV聂庄子线,271开关机构,辅助设备,异常,,,PSCADA复归/告警,主设备异常告警,是,271开关机构储能电机故障,271开关机构储能电机故障
326,10kV,10kV聂庄子线,271开关机构,辅助设备,异常,,,PSCADA复归/告警,主设备异常告警,是,271开关机构加热器故障,271开关机构加热器故障
327,10kV,10kV聂庄子线,271线路保护,二次设备,异常,,,PSCADA复归/告警,二次设备故障告警,是,271开关保护装置故障,271开关保护装置故障
328,10kV,10kV聂庄子线,271线路保护,二次设备,变位,,,PSCADA退出/投入,软压板,是,271开关保护装置异常,271开关保护装置异常
329,10kV,10kV聂庄子线,271线路保护,二次设备,事故,,,PSCADA复归/动作,保护事件,是,271停用保护重合闸软压板,271停用保护重合闸软压板
330,10kV,10kV聂庄子线,271线路保护,二次设备,事故,,,PSCADA复归/动作,保护事件,是,271开关保护过流Ⅰ段动作,271开关保护过流Ⅰ段动作
331,10kV,10kV聂庄子线,271线路保护,二次设备,事故,,,PSCADA复归/动作,保护事件,是,271开关保护过流Ⅱ段动作（速断）,271开关保护过流Ⅱ段动作（速断）
332,10kV,10kV聂庄子线,271线路保护,二次设备,事故,,,PSCADA复归/动作,保护事件,是,271开关保护过流Ⅲ段动作（过流）,271开关保护过流Ⅲ段动作（过流）
333,10kV,10kV聂庄子线,271线路保护,二次设备,异常,,,PSCADA复归/告警,二次设备异常告警,是,271开关保护重合闸动作,271开关保护重合闸动作
334,10kV,10kV聂庄子线,271间隔事故总,二次设备,事故,,,PSCADA复归/动作,保护事件,是,271间隔事故总,271间隔事故总
335,10kV,10kV聂庄子线,271开关机构,辅助设备,异常,,,PSCADA复归/告警,主设备异常告警,是,271开关保护PT断线报警,271开关保护PT断线报警
336,10kV,10kV聂庄子线,271开关机构,辅助设备,异常,,,PSCADA复归/告警,主设备异常告警,是,271开关控制回路断线,271开关控制回路断线
337,10kV,10kV聂庄子线,271开关机构,辅助设备,异常,,,PSCADA已储能/未储能,主设备异常告警,是,271开关机构弹簧未储能,271开关机构弹簧未储能
338,10kV,10kV聂庄子线,271线路保护,二次设备,异常,,,PSCADA恢复/中断,二次设备故障告警,是,271开关保护装置通信中断,271开关保护装置通信中断
339,10kV,10kV张大庄线,272线路保护,二次设备,告知,,,PSCADA远方/就地,一般遥信,是,272装置把手就地,272装置把手就地
340,10kV,10kV张大庄线,272线路保护,二次设备,异常,,,PSCADA退出/投入,一般遥信,是,272开关保护检修压板投入,272开关保护检修压板投入
341,10kV,10kV张大庄线,272线路保护,二次设备,异常,,,PSCADA放电/已充电,一般遥信,是,272保护重合闸充电完成,272保护重合闸充电完成
342,10kV,10kV张大庄线,272开关,交流开关,变位,,位置遥信,PSCADA分位/合位,一般遥信,是,272开关合位,272开关合位
343,10kV,10kV张大庄线,272开关手车,交流刀闸,告知,,位置遥信,PSCADA拉出/推入,一般遥信,是,272开关手车工作位置,272开关手车工作位置
344,10kV,10kV张大庄线,272-27接地刀闸,接地刀闸,告知,,位置遥信,PSCADA分位/合位,一般遥信,是,272-27接地刀闸位置合位,272-27接地刀闸位置合位
345,10kV,10kV张大庄线,272开关机构,辅助设备,异常,,,PSCADA复归/告警,主设备异常告警,是,272开关机构储能电机故障,272开关机构储能电机故障
346,10kV,10kV张大庄线,272开关机构,辅助设备,异常,,,PSCADA复归/告警,主设备异常告警,是,272开关机构加热器故障,272开关机构加热器故障
347,10kV,10kV张大庄线,272线路保护,二次设备,异常,,,PSCADA复归/告警,二次设备故障告警,是,272开关保护装置故障,272开关保护装置故障
348,10kV,10kV张大庄线,272线路保护,二次设备,变位,,,PSCADA退出/投入,软压板,是,272开关保护装置异常,272开关保护装置异常
349,10kV,10kV张大庄线,272线路保护,二次设备,事故,,,PSCADA复归/动作,保护事件,是,272停用保护重合闸软压板,272停用保护重合闸软压板
350,10kV,10kV张大庄线,272线路保护,二次设备,事故,,,PSCADA复归/动作,保护事件,是,272开关保护过流Ⅰ段动作,272开关保护过流Ⅰ段动作
351,10kV,10kV张大庄线,272线路保护,二次设备,事故,,,PSCADA复归/动作,保护事件,是,272开关保护过流Ⅱ段动作（速断）,272开关保护过流Ⅱ段动作（速断）
352,10kV,10kV张大庄线,272线路保护,二次设备,事故,,,PSCADA复归/动作,保护事件,是,272开关保护过流Ⅲ段动作（过流）,272开关保护过流Ⅲ段动作（过流）
353,10kV,10kV张大庄线,272线路保护,二次设备,异常,,,PSCADA复归/告警,二次设备异常告警,是,272开关保护重合闸动作,272开关保护重合闸动作
354,10kV,10kV张大庄线,272间隔事故总,二次设备,事故,,,PSCADA复归/动作,保护事件,是,272间隔事故总,272间隔事故总
355,10kV,10kV张大庄线,272开关机构,辅助设备,异常,,,PSCADA复归/告警,主设备异常告警,是,272开关保护PT断线报警,272开关保护PT断线报警
356,10kV,10kV张大庄线,272开关机构,辅助设备,异常,,,PSCADA复归/告警,主设备异常告警,是,272开关控制回路断线,272开关控制回路断线
357,10kV,10kV张大庄线,272开关机构,辅助设备,异常,,,PSCADA已储能/未储能,主设备异常告警,是,272开关机构弹簧未储能,272开关机构弹簧未储能
358,10kV,10kV张大庄线,272线路保护,二次设备,异常,,,PSCADA恢复/中断,二次设备故障告警,是,272开关保护装置通信中断,272开关保护装置通信中断
359,10kV,10kV富民B区线,274线路保护,二次设备,告知,,,PSCADA远方/就地,一般遥信,是,274装置把手就地,274装置把手就地
360,10kV,10kV富民B区线,274线路保护,二次设备,异常,,,PSCADA退出/投入,一般遥信,是,274开关保护检修压板投入,274开关保护检修压板投入
361,10kV,10kV富民B区线,274线路保护,二次设备,异常,,,PSCADA放电/已充电,一般遥信,是,274保护重合闸充电完成,274保护重合闸充电完成
362,10kV,10kV富民B区线,274开关,交流开关,变位,,位置遥信,PSCADA分位/合位,一般遥信,是,274开关合位,274开关合位
363,10kV,10kV富民B区线,274开关手车,交流刀闸,告知,,位置遥信,PSCADA拉出/推入,一般遥信,是,274开关手车工作位置,274开关手车工作位置
364,10kV,10kV富民B区线,274-27接地刀闸,接地刀闸,告知,,位置遥信,PSCADA分位/合位,一般遥信,是,274-27刀闸位置合位,274-27刀闸位置合位
365,10kV,10kV富民B区线,274开关机构,辅助设备,异常,,,PSCADA复归/告警,主设备异常告警,是,274开关机构储能电机故障,274开关机构储能电机故障
366,10kV,10kV富民B区线,274开关机构,辅助设备,异常,,,PSCADA复归/告警,主设备异常告警,是,274开关机构加热器故障,274开关机构加热器故障
367,10kV,10kV富民B区线,274线路保护,二次设备,异常,,,PSCADA复归/告警,二次设备故障告警,是,274开关保护装置故障,274开关保护装置故障
368,10kV,10kV富民B区线,274线路保护,二次设备,变位,,,PSCADA退出/投入,软压板,是,274开关保护装置异常,274开关保护装置异常
369,10kV,10kV富民B区线,274线路保护,二次设备,事故,,,PSCADA复归/动作,保护事件,是,274停用保护重合闸软压板,274停用保护重合闸软压板
370,10kV,10kV富民B区线,274线路保护,二次设备,事故,,,PSCADA复归/动作,保护事件,是,274开关保护过流Ⅰ段动作,274开关保护过流Ⅰ段动作
371,10kV,10kV富民B区线,274线路保护,二次设备,事故,,,PSCADA复归/动作,保护事件,是,274开关保护过流Ⅱ段动作（速断）,274开关保护过流Ⅱ段动作（速断）
372,10kV,10kV富民B区线,274线路保护,二次设备,事故,,,PSCADA复归/动作,保护事件,是,274开关保护过流Ⅲ段动作（过流）,274开关保护过流Ⅲ段动作（过流）
373,10kV,10kV富民B区线,274线路保护,二次设备,异常,,,PSCADA复归/告警,二次设备异常告警,是,274开关保护重合闸动作,274开关保护重合闸动作
374,10kV,10kV富民B区线,274间隔事故总,二次设备,事故,,,PSCADA复归/动作,保护事件,是,274间隔事故总,274间隔事故总
375,10kV,10kV富民B区线,274开关机构,辅助设备,异常,,,PSCADA复归/告警,主设备异常告警,是,274开关保护PT断线报警,274开关保护PT断线报警
376,10kV,10kV富民B区线,274开关机构,辅助设备,异常,,,PSCADA复归/告警,主设备异常告警,是,274开关控制回路断线,274开关控制回路断线
377,10kV,10kV富民B区线,274开关机构,辅助设备,异常,,,PSCADA已储能/未储能,主设备异常告警,是,274开关机构弹簧未储能,274开关机构弹簧未储能
378,10kV,10kV富民B区线,274线路保护,二次设备,异常,,,PSCADA恢复/中断,二次设备故障告警,是,274开关保护装置通信中断,274开关保护装置通信中断
379,10kV,10kV276备用线,276线路保护,二次设备,告知,,,PSCADA远方/就地,一般遥信,是,276装置把手就地,276装置把手就地
380,10kV,10kV276备用线,276线路保护,二次设备,异常,,,PSCADA退出/投入,一般遥信,是,276开关保护检修压板投入,276开关保护检修压板投入
381,10kV,10kV276备用线,276线路保护,二次设备,异常,,,PSCADA放电/已充电,一般遥信,是,276保护重合闸充电完成,276保护重合闸充电完成
382,10kV,10kV276备用线,276开关,交流开关,变位,,位置遥信,PSCADA分位/合位,一般遥信,是,276开关合位,276开关合位
383,10kV,10kV276备用线,276开关手车,交流刀闸,告知,,位置遥信,PSCADA拉出/推入,一般遥信,是,276开关手车工作位置,276开关手车工作位置
384,10kV,10kV276备用线,276-27接地刀闸,接地刀闸,告知,,位置遥信,PSCADA分位/合位,一般遥信,是,276-27刀闸位置合位,276-27刀闸位置合位
385,10kV,10kV276备用线,276开关机构,辅助设备,异常,,,PSCADA复归/告警,主设备异常告警,是,276开关机构储能电机故障,276开关机构储能电机故障
386,10kV,10kV276备用线,276开关机构,辅助设备,异常,,,PSCADA复归/告警,主设备异常告警,是,276开关机构加热器故障,276开关机构加热器故障
387,10kV,10kV276备用线,276线路保护,二次设备,异常,,,PSCADA复归/告警,二次设备故障告警,是,276开关保护装置故障,276开关保护装置故障
388,10kV,10kV276备用线,276线路保护,二次设备,变位,,,PSCADA退出/投入,软压板,是,276开关保护装置异常,276开关保护装置异常
389,10kV,10kV276备用线,276线路保护,二次设备,事故,,,PSCADA复归/动作,保护事件,是,276停用保护重合闸软压板,276停用保护重合闸软压板
390,10kV,10kV276备用线,276线路保护,二次设备,事故,,,PSCADA复归/动作,保护事件,是,276开关保护过流Ⅰ段动作,276开关保护过流Ⅰ段动作
391,10kV,10kV276备用线,276线路保护,二次设备,事故,,,PSCADA复归/动作,保护事件,是,276开关保护过流Ⅱ段动作（速断）,276开关保护过流Ⅱ段动作（速断）
392,10kV,10kV276备用线,276线路保护,二次设备,事故,,,PSCADA复归/动作,保护事件,是,276开关保护过流Ⅲ段动作（过流）,276开关保护过流Ⅲ段动作（过流）
393,10kV,10kV276备用线,276线路保护,二次设备,异常,,,PSCADA复归/告警,二次设备异常告警,是,276开关保护重合闸动作,276开关保护重合闸动作
394,10kV,10kV276备用线,276间隔事故总,二次设备,事故,,,PSCADA复归/动作,保护事件,是,276间隔事故总,276间隔事故总
395,10kV,10kV276备用线,276开关机构,辅助设备,异常,,,PSCADA复归/告警,主设备异常告警,是,276开关保护PT断线报警,276开关保护PT断线报警
396,10kV,10kV276备用线,276开关机构,辅助设备,异常,,,PSCADA复归/告警,主设备异常告警,是,276开关控制回路断线,276开关控制回路断线
397,10kV,10kV276备用线,276开关机构,辅助设备,异常,,,PSCADA已储能/未储能,主设备异常告警,是,276开关机构弹簧未储能,276开关机构弹簧未储能
398,10kV,10kV276备用线,276线路保护,二次设备,异常,,,PSCADA恢复/中断,二次设备故障告警,是,276开关保护装置通信中断,276开关保护装置通信中断
399,10kV,10kV278备用线,278线路保护,二次设备,告知,,,PSCADA远方/就地,一般遥信,是,278装置把手就地,278装置把手就地
400,10kV,10kV278备用线,278线路保护,二次设备,异常,,,PSCADA退出/投入,一般遥信,是,278开关保护检修压板投入,278开关保护检修压板投入
401,10kV,10kV278备用线,278线路保护,二次设备,异常,,,PSCADA放电/已充电,一般遥信,是,278保护重合闸充电完成,278保护重合闸充电完成
402,10kV,10kV278备用线,278开关,交流开关,变位,,位置遥信,PSCADA分位/合位,一般遥信,是,278开关合位,278开关合位
403,10kV,10kV278备用线,278开关手车,交流刀闸,告知,,位置遥信,PSCADA拉出/推入,一般遥信,是,278开关手车工作位置,278开关手车工作位置
404,10kV,10kV278备用线,278-27接地刀闸,接地刀闸,告知,,位置遥信,PSCADA分位/合位,一般遥信,是,278-27刀闸位置合位,278-27刀闸位置合位
405,10kV,10kV278备用线,278开关机构,辅助设备,异常,,,PSCADA复归/告警,主设备异常告警,是,278开关机构储能电机故障,278开关机构储能电机故障
406,10kV,10kV278备用线,278开关机构,辅助设备,异常,,,PSCADA复归/告警,主设备异常告警,是,278开关机构加热器故障,278开关机构加热器故障
407,10kV,10kV278备用线,278线路保护,二次设备,异常,,,PSCADA复归/告警,二次设备故障告警,是,278开关保护装置故障,278开关保护装置故障
408,10kV,10kV278备用线,278线路保护,二次设备,变位,,,PSCADA退出/投入,软压板,是,278停用保护重合闸软压板,278停用保护重合闸软压板
409,10kV,10kV278备用线,278线路保护,二次设备,事故,,,PSCADA复归/动作,保护事件,是,278开关保护过流Ⅰ段动作,278开关保护过流Ⅰ段动作
410,10kV,10kV278备用线,278线路保护,二次设备,事故,,,PSCADA复归/动作,保护事件,是,278开关保护过流Ⅱ段动作（速断）,278开关保护过流Ⅱ段动作（速断）
411,10kV,10kV278备用线,278线路保护,二次设备,事故,,,PSCADA复归/动作,保护事件,是,278开关保护过流Ⅲ段动作（过流）,278开关保护过流Ⅲ段动作（过流）
412,10kV,10kV278备用线,278线路保护,二次设备,事故,,,PSCADA复归/动作,保护事件,是,278开关保护重合闸动作,278开关保护重合闸动作
413,10kV,10kV278备用线,278线路保护,二次设备,异常,,,PSCADA复归/告警,二次设备异常告警,是,278开关保护装置异常,278开关保护装置异常
414,10kV,10kV278备用线,278间隔事故总,二次设备,事故,,,PSCADA复归/动作,保护事件,是,278间隔事故总,278间隔事故总
415,10kV,10kV278备用线,278开关机构,辅助设备,异常,,,PSCADA复归/告警,主设备异常告警,是,278开关保护PT断线报警,278开关保护PT断线报警
416,10kV,10kV278备用线,278开关机构,辅助设备,异常,,,PSCADA复归/告警,主设备异常告警,是,278开关控制回路断线,278开关控制回路断线
417,10kV,10kV278备用线,278开关机构,辅助设备,异常,,,PSCADA已储能/未储能,主设备异常告警,是,278开关机构弹簧未储能,278开关机构弹簧未储能
418,10kV,10kV278备用线,278线路保护,二次设备,异常,,,PSCADA恢复/中断,二次设备故障告警,是,278开关保护装置通信中断,278开关保护装置通信中断
419,10kV,10kV206电容器,206电容器保护,二次设备,告知,,,PSCADA远方/就地,一般遥信,是,206装置把手就地,206装置把手就地
420,10kV,10kV206电容器,206电容器保护,二次设备,异常,,,PSCADA退出/投入,一般遥信,是,206电容器保护检修压板投入,206电容器保护检修压板投入
421,10kV,10kV206电容器,206开关,交流开关,变位,,位置遥信,PSCADA分位/合位,一般遥信,是,206开关合位,206开关合位
422,10kV,10kV206电容器,206开关手车,交流刀闸,告知,,位置遥信,PSCADA拉出/推入,一般遥信,是,206开关手车工作位置,206开关手车工作位置
423,10kV,10kV206电容器,206-27接地刀闸,接地刀闸,告知,,位置遥信,PSCADA分位/合位,一般遥信,是,206-27刀闸位置合位,206-27刀闸位置合位
424,10kV,10kV206电容器,206开关机构,辅助设备,异常,,,PSCADA复归/告警,主设备异常告警,是,206开关机构储能电机故障,206开关机构储能电机故障
425,10kV,10kV206电容器,206开关机构,辅助设备,异常,,,PSCADA复归/告警,主设备异常告警,是,206开关机构加热器故障,206开关机构加热器故障
426,10kV,10kV206电容器,206-17接地刀闸,接地刀闸,告知,,位置遥信,PSCADA分位/合位,一般遥信,是,206电容器组-17接地开关合位,206电容器组-17接地开关合位
427,10kV,10kV206电容器,206-1刀闸,交流刀闸,告知,,位置遥信,PSCADA分位/合位,一般遥信,是,206电容器组-1隔离开关合位,206电容器组-1隔离开关合位
428,10kV,10kV206电容器,206电容器保护,二次设备,异常,,,PSCADA复归/告警,二次设备故障告警,是,206电容器保护装置故障,206电容器保护装置故障
429,10kV,10kV206电容器,206电容器保护,二次设备,异常,,,PSCADA复归/告警,二次设备异常告警,是,206电容器保护装置异常,206电容器保护装置异常
430,10kV,10kV206电容器,206电容器保护,二次设备,事故,,,PSCADA复归/动作,保护事件,是,206电容器过流Ⅰ段保护动作（速断）,206电容器过流Ⅰ段保护动作（速断）
431,10kV,10kV206电容器,206电容器保护,二次设备,事故,,,PSCADA复归/动作,保护事件,是,206电容器过流Ⅱ段保护动作（过流）,206电容器过流Ⅱ段保护动作（过流）
432,10kV,10kV206电容器,206电容器保护,二次设备,事故,,,PSCADA复归/动作,保护事件,是,206电容器过压保护动作,206电容器过压保护动作
433,10kV,10kV206电容器,206电容器保护,二次设备,事故,,,PSCADA复归/动作,保护事件,是,206电容器欠压保护动作,206电容器欠压保护动作
434,10kV,10kV206电容器,206电容器保护,二次设备,事故,,,PSCADA复归/动作,保护事件,是,206电容器不平衡保护动作,206电容器不平衡保护动作
435,10kV,10kV206电容器,206间隔事故总,二次设备,事故,,,PSCADA复归/动作,保护事件,是,206间隔事故总,206间隔事故总
436,10kV,10kV206电容器,206开关机构,辅助设备,异常,,,PSCADA复归/告警,主设备异常告警,是,206电容器保护PT断线报警,206电容器保护PT断线报警
437,10kV,10kV206电容器,206开关机构,辅助设备,异常,,,PSCADA复归/告警,主设备异常告警,是,206开关控制回路断线,206开关控制回路断线
438,10kV,10kV206电容器,206开关机构,辅助设备,异常,,,PSCADA已储能/未储能,主设备异常告警,是,206开关机构弹簧未储能,206开关机构弹簧未储能
439,10kV,10kV206电容器,206电容器保护,二次设备,异常,,,PSCADA恢复/中断,二次设备故障告警,是,206开关保护装置通信中断,206开关保护装置通信中断
440,10kV,10kV207电容器,207电容器保护,二次设备,告知,,,PSCADA远方/就地,一般遥信,是,207装置把手就地,207装置把手就地
441,10kV,10kV207电容器,207电容器保护,二次设备,异常,,,PSCADA退出/投入,一般遥信,是,207开关保护检修压板投入,207开关保护检修压板投入
442,10kV,10kV207电容器,207开关,交流开关,变位,,位置遥信,PSCADA分位/合位,一般遥信,是,207开关合位,207开关合位
443,10kV,10kV207电容器,207开关手车,交流刀闸,告知,,位置遥信,PSCADA拉出/推入,一般遥信,是,207开关手车工作位置,207开关手车工作位置
444,10kV,10kV207电容器,207-27接地刀闸,接地刀闸,告知,,位置遥信,PSCADA分位/合位,一般遥信,是,207-27刀闸位置合位,207-27刀闸位置合位
445,10kV,10kV207电容器,207开关机构,辅助设备,异常,,,PSCADA复归/告警,主设备异常告警,是,207开关机构储能电机故障,207开关机构储能电机故障
446,10kV,10kV207电容器,207开关机构,辅助设备,异常,,,PSCADA复归/告警,主设备异常告警,是,207开关机构加热器故障,207开关机构加热器故障
447,10kV,10kV207电容器,207-17接地刀闸,接地刀闸,告知,,位置遥信,PSCADA分位/合位,一般遥信,是,207电容器组接地开关合位,207电容器组接地开关合位
448,10kV,10kV207电容器,207电容器保护,二次设备,异常,,,PSCADA复归/告警,二次设备故障告警,是,207电容器保护装置故障,207电容器保护装置故障
449,10kV,10kV207电容器,207电容器保护,二次设备,异常,,,PSCADA复归/告警,二次设备异常告警,是,207电容器保护装置异常,207电容器保护装置异常
450,10kV,10kV207电容器,207电容器保护,二次设备,事故,,,PSCADA复归/动作,保护事件,是,207电容器过流Ⅰ段保护动作（速断）,207电容器过流Ⅰ段保护动作（速断）
451,10kV,10kV207电容器,207电容器保护,二次设备,事故,,,PSCADA复归/动作,保护事件,是,207电容器过流Ⅱ段保护动作（过流）,207电容器过流Ⅱ段保护动作（过流）
452,10kV,10kV207电容器,207电容器保护,二次设备,事故,,,PSCADA复归/动作,保护事件,是,207电容器过压保护动作,207电容器过压保护动作
453,10kV,10kV207电容器,207电容器保护,二次设备,事故,,,PSCADA复归/动作,保护事件,是,207电容器欠压保护动作,207电容器欠压保护动作
454,10kV,10kV207电容器,207电容器保护,二次设备,事故,,,PSCADA复归/动作,保护事件,是,207电容器不平衡保护动作,207电容器不平衡保护动作
455,10kV,10kV207电容器,207间隔事故总,二次设备,事故,,,PSCADA复归/动作,保护事件,是,207间隔事故总,207间隔事故总
456,10kV,10kV207电容器,207开关机构,辅助设备,异常,,,PSCADA复归/告警,主设备异常告警,是,207母线开关保护PT断线报警,207母线开关保护PT断线报警
457,10kV,10kV207电容器,207开关机构,辅助设备,异常,,,PSCADA复归/告警,主设备异常告警,是,207开关控制回路断线,207开关控制回路断线
458,10kV,10kV207电容器,207开关机构,辅助设备,异常,,,PSCADA已储能/未储能,主设备异常告警,是,207开关机构弹簧未储能,207开关机构弹簧未储能
459,10kV,10kV207电容器,207电容器保护,二次设备,异常,,,PSCADA恢复/中断,二次设备故障告警,是,207电容器保护装置通信中断,207电容器保护装置通信中断
460,10kV,10kV灰10接地变,灰10接地变保护,二次设备,告知,,,PSCADA远方/就地,一般遥信,是,灰10装置把手就地,灰10装置把手就地
461,10kV,10kV灰10接地变,灰10接地变保护,二次设备,异常,,,PSCADA退出/投入,一般遥信,是,灰10开关保护检修压板投入,灰10开关保护检修压板投入
462,10kV,10kV灰10接地变,灰10开关,交流开关,变位,,位置遥信,PSCADA分位/合位,一般遥信,是,灰10开关合位,灰10开关合位
463,10kV,10kV灰10接地变,灰10开关手车,交流刀闸,告知,,位置遥信,PSCADA拉出/推入,一般遥信,是,灰10开关手车工作位置,灰10开关手车工作位置
464,10kV,10kV灰10接地变,灰10-27接地刀闸,接地刀闸,告知,,位置遥信,PSCADA分位/合位,一般遥信,是,灰10-27刀闸位置合位,灰10-27刀闸位置合位
465,10kV,10kV灰10接地变,灰10开关机构,辅助设备,异常,,,PSCADA复归/告警,主设备异常告警,是,灰10开关机构储能电机故障,灰10开关机构储能电机故障
466,10kV,10kV灰10接地变,灰10开关机构,辅助设备,异常,,,PSCADA复归/告警,主设备异常告警,是,灰10开关机构加热器故障,灰10开关机构加热器故障
467,10kV,10kV灰10接地变,灰10接地变保护,二次设备,异常,,,PSCADA复归/告警,二次设备故障告警,是,灰10接地变保护装置故障,灰10接地变保护装置故障
468,10kV,10kV灰10接地变,灰10接地变保护,二次设备,异常,,,PSCADA复归/告警,二次设备异常告警,是,灰10接地变保护装置异常,灰10接地变保护装置异常
469,10kV,10kV灰10接地变,灰10接地变保护,二次设备,异常,,,PSCADA复归/告警,二次设备异常告警,是,灰10接地变温显超温报警,灰10接地变温显超温报警
470,10kV,10kV灰10接地变,灰10接地变保护,二次设备,异常,,,PSCADA复归/告警,二次设备异常告警,是,灰10消弧温显超温报警,灰10消弧温显超温报警
471,10kV,10kV灰10接地变,灰10接地变保护,二次设备,事故,,,PSCADA复归/动作,保护事件,是,灰10接地变保护过流Ⅰ段动作（速断）,灰10接地变保护过流Ⅰ段动作（速断）
472,10kV,10kV灰10接地变,灰10接地变保护,二次设备,事故,,,PSCADA复归/动作,保护事件,是,灰10接地变保护过流Ⅱ段动作（过流）,灰10接地变保护过流Ⅱ段动作（过流）
473,10kV,10kV灰10接地变,灰10间隔事故总,二次设备,事故,,,PSCADA复归/动作,保护事件,是,灰10间隔事故总,灰10间隔事故总
474,10kV,10kV灰10接地变,灰10开关机构,辅助设备,异常,,,PSCADA复归/告警,主设备异常告警,是,灰10母线开关保护PT断线报警,灰10母线开关保护PT断线报警
475,10kV,10kV灰10接地变,灰10开关机构,辅助设备,异常,,,PSCADA复归/告警,主设备异常告警,是,灰10开关控制回路断线,灰10开关控制回路断线
476,10kV,10kV灰10接地变,灰10开关机构,辅助设备,异常,,,PSCADA已储能/未储能,主设备异常告警,是,灰10开关机构弹簧未储能,灰10开关机构弹簧未储能
477,10kV,10kV灰10接地变,灰10接地变保护,二次设备,异常,,,PSCADA复归/告警,二次设备故障告警,是,灰10接地变保护装置通信中断,灰10接地变保护装置通信中断
478,10kV,10kV灰20接地变,灰20接地变保护,二次设备,告知,,,PSCADA远方/就地,一般遥信,是,灰20装置把手就地,灰20装置把手就地
479,10kV,10kV灰20接地变,灰20接地变保护,二次设备,异常,,,PSCADA退出/投入,一般遥信,是,灰20接地变保护检修压板投入,灰20接地变保护检修压板投入
480,10kV,10kV灰20接地变,灰20开关,交流开关,变位,,位置遥信,PSCADA分位/合位,一般遥信,是,灰20开关合位,灰20开关合位
481,10kV,10kV灰20接地变,灰20开关手车,交流刀闸,告知,,位置遥信,PSCADA拉出/推入,一般遥信,是,灰20开关手车工作位置,灰20开关手车工作位置
482,10kV,10kV灰20接地变,灰20-27接地刀闸,接地刀闸,告知,,位置遥信,PSCADA分位/合位,一般遥信,是,灰20-27刀闸位置合位,灰20-27刀闸位置合位
483,10kV,10kV灰20接地变,灰20开关机构,辅助设备,异常,,,PSCADA复归/告警,主设备异常告警,是,灰20开关机构储能电机故障,灰20开关机构储能电机故障
484,10kV,10kV灰20接地变,灰20开关机构,辅助设备,异常,,,PSCADA复归/告警,主设备异常告警,是,灰20开关机构加热器故障,灰20开关机构加热器故障
485,10kV,10kV灰20接地变,灰20接地变保护,二次设备,异常,,,PSCADA复归/告警,二次设备故障告警,是,灰20接地变保护装置故障,灰20接地变保护装置故障
486,10kV,10kV灰20接地变,灰20接地变保护,二次设备,异常,,,PSCADA复归/告警,二次设备异常告警,是,灰20接地变保护装置异常,灰20接地变保护装置异常
487,10kV,10kV灰20接地变,灰20开关机构,辅助设备,异常,,,PSCADA复归/告警,主设备异常告警,是,灰20接地变温显超温报警,灰20接地变温显超温报警
488,10kV,10kV灰20接地变,灰20开关机构,辅助设备,异常,,,PSCADA复归/告警,主设备异常告警,是,灰20消弧温显超温报警,灰20消弧温显超温报警
489,10kV,10kV灰20接地变,灰20接地变保护,二次设备,事故,,,PSCADA复归/动作,保护事件,是,灰20开关保护过流Ⅰ段动作（速断）,灰20开关保护过流Ⅰ段动作（速断）
490,10kV,10kV灰20接地变,灰20接地变保护,二次设备,事故,,,PSCADA复归/动作,保护事件,是,灰20开关保护过流Ⅱ段动作（过流）,灰20开关保护过流Ⅱ段动作（过流）
491,10kV,10kV灰20接地变,灰20间隔事故总,二次设备,事故,,,PSCADA复归/动作,保护事件,是,灰20间隔事故总,灰20间隔事故总
492,10kV,10kV灰20接地变,灰20开关机构,辅助设备,异常,,,PSCADA复归/告警,主设备异常告警,是,灰20接地变保护PT断线报警,灰20接地变保护PT断线报警
493,10kV,10kV灰20接地变,灰20开关机构,辅助设备,异常,,,PSCADA复归/告警,主设备异常告警,是,灰20开关控制回路断线,灰20开关控制回路断线
494,10kV,10kV灰20接地变,灰20开关机构,辅助设备,异常,,,PSCADA已储能/未储能,主设备异常告警,是,灰20开关机构弹簧未储能,灰20开关机构弹簧未储能
495,10kV,10kV灰20接地变,灰20接地变保护,二次设备,异常,,,PSCADA复归/告警,二次设备故障告警,是,灰20接地变保护装置通信中断,灰20接地变保护装置通信中断
496,10kV,10kV245分段,245分段保护,二次设备,异常,,,PSCADA复归/告警,二次设备异常告警,是,245备自投总闭锁,245备自投总闭锁
497,10kV,10kV245分段,245分段保护,二次设备,告知,,,PSCADA远方/就地,一般遥信,是,245装置把手就地,245装置把手就地
498,10kV,10kV245分段,245分段保护,二次设备,异常,,,PSCADA退出/投入,一般遥信,是,245开关保护检修压板投入,245开关保护检修压板投入
499,10kV,10kV245分段,245分段保护,二次设备,异常,,,PSCADA放电/已充电,一般遥信,是,245自投跳201合245充电成功,245自投跳201合245充电成功
500,10kV,10kV245分段,245分段保护,二次设备,异常,,,PSCADA放电/已充电,一般遥信,是,245自投跳202合245充电成功,245自投跳202合245充电成功
501,10kV,10kV245分段,245开关,交流开关,变位,,位置遥信,PSCADA分位/合位,一般遥信,是,245开关合位,245开关合位
502,10kV,10kV245分段,245开关手车,交流刀闸,告知,,位置遥信,PSCADA拉出/推入,一般遥信,是,245手车工作位置,245手车工作位置
503,10kV,10kV245分段,245开关机构,辅助设备,异常,,,PSCADA复归/告警,主设备异常告警,是,245开关机构储能电机故障,245开关机构储能电机故障
504,10kV,10kV245分段,245开关机构,辅助设备,异常,,,PSCADA复归/告警,主设备异常告警,是,245开关加热器故障,245开关加热器故障
505,10kV,10kV245分段,245分段保护,二次设备,事故,,,PSCADA复归/动作,保护事件,是,245备自投动作跳电源201,245备自投动作跳电源201
506,10kV,10kV245分段,245分段保护,二次设备,事故,,,PSCADA复归/动作,保护事件,是,245备自投动作跳电源202,245备自投动作跳电源202
507,10kV,10kV245分段,245分段保护,二次设备,事故,,,PSCADA复归/动作,保护事件,是,245备自投动作合245,245备自投动作合245
508,10kV,10kV245分段,245分段保护,二次设备,事故,,,PSCADA复归/动作,保护事件,是,245备自投相间充电过流动作,245备自投相间充电过流动作
509,10kV,10kV245分段,245分段保护,二次设备,异常,,,PSCADA复归/告警,二次设备异常告警,是,245备自投装置异常,245备自投装置异常
510,10kV,10kV245分段,245开关机构,辅助设备,异常,,,PSCADA复归/告警,主设备异常告警,是,245开关控制回路断线1,245开关控制回路断线1
511,10kV,10kV245分段,245开关机构,辅助设备,异常,,,PSCADA已储能/未储能,主设备异常告警,是,245开关机构弹簧未储能,245开关机构弹簧未储能
512,10kV,10kV245分段,245分段保护,二次设备,事故,,,PSCADA复归/动作,保护事件,是,245备自投动作201开关拒动,245备自投动作201开关拒动
513,10kV,10kV245分段,245分段保护,二次设备,事故,,,PSCADA复归/动作,保护事件,是,245备自投动作202开关拒动,245备自投动作202开关拒动
514,10kV,10kV4母线,10kV4母PT,电压互感器,异常,,,PSCADA复归/告警,主设备异常告警,是,10-4母PT断线报警,10-4母PT断线报警
515,10kV,10kV5母线,10kV5母PT,电压互感器,异常,,,PSCADA复归/告警,主设备异常告警,是,10-5母PT断线报警,10-5母PT断线报警
517,10kV,10kV245分段,245分段保护,二次设备,异常,,,PSCADA恢复/中断,二次设备故障告警,是,245备自投装置通信中断,245备自投装置通信中断
518,35kV,35kV345分段,345分段保护,二次设备,事故,,,PSCADA复归/动作,保护事件,是,345闭锁互投跳313合316,345闭锁互投跳313合316
519,35kV,35kV345分段,345分段保护,二次设备,事故,,,PSCADA复归/动作,保护事件,是,345闭锁互投跳316合313,345闭锁互投跳316合313
520,35kV,35kV345分段,345分段保护,二次设备,事故,,,PSCADA复归/动作,保护事件,是,345闭锁自投跳313合345,345闭锁自投跳313合345
521,35kV,35kV345分段,345分段保护,二次设备,事故,,,PSCADA复归/动作,保护事件,是,345闭锁自投跳316合345,345闭锁自投跳316合345
522,35kV,35kV345分段,345分段保护,二次设备,异常,,,PSCADA复归/告警,二次设备异常告警,是,345闭锁备自投,345闭锁备自投
523,35kV,35kV345分段,345分段保护,二次设备,告知,,,PSCADA远方/就地,一般遥信,是,345装置把手就地,345装置把手就地
524,35kV,35kV345分段,345分段保护,二次设备,异常,,,PSCADA退出/投入,一般遥信,是,345开关保护检修压板投入,345开关保护检修压板投入
525,35kV,35kV345分段,345分段保护,二次设备,异常,,,PSCADA放电/已充电,一般遥信,是,345互投跳313合316充电成功,345互投跳313合316充电成功
526,35kV,35kV345分段,345分段保护,二次设备,异常,,,PSCADA放电/已充电,一般遥信,是,345互投跳316合313充电成功,345互投跳316合313充电成功
527,35kV,35kV345分段,345分段保护,二次设备,异常,,,PSCADA放电/已充电,一般遥信,是,345自投跳313合345充电成功,345自投跳313合345充电成功
528,35kV,35kV345分段,345分段保护,二次设备,异常,,,PSCADA放电/已充电,一般遥信,是,345自投跳316合345充电成功,345自投跳316合345充电成功
529,35kV,35kV345分段,345开关,交流开关,变位,,位置遥信,PSCADA分位/合位,一般遥信,是,345开关合位,345开关合位
530,35kV,35kV345分段,345开关手车,交流刀闸,告知,,,PSCADA拉出/推入,一般遥信,是,345手车试验位,345手车试验位
531,35kV,35kV345分段,345开关手车,交流刀闸,告知,,位置遥信,PSCADA拉出/推入,一般遥信,是,345手车工作位置,345手车工作位置
532,35kV,35kV345分段,345开关机构,辅助设备,异常,,,PSCADA复归/告警,主设备异常告警,是,345开关机构储能电机故障,345开关机构储能电机故障
533,35kV,35kV345分段,345开关机构,辅助设备,异常,,,PSCADA复归/告警,主设备异常告警,是,345开关机构加热器故障,345开关机构加热器故障
534,35kV,35kV345分段,345分段保护,二次设备,变位,,,PSCADA退出/投入,软压板,是,345备自投互投软压板投入,345备自投互投软压板投入
535,35kV,35kV345分段,345分段保护,二次设备,事故,,,PSCADA复归/动作,保护事件,是,345备自投动作跳电源313,345备自投动作跳电源313
536,35kV,35kV345分段,345分段保护,二次设备,事故,,,PSCADA复归/动作,保护事件,是,345备自投动作合电源316,345备自投动作合电源316
537,35kV,35kV345分段,345分段保护,二次设备,事故,,,PSCADA复归/动作,保护事件,是,345备自投动作跳电源316,345备自投动作跳电源316
538,35kV,35kV345分段,345分段保护,二次设备,事故,,,PSCADA复归/动作,保护事件,是,345备自投动作合电源313,345备自投动作合电源313
539,35kV,35kV345分段,345分段保护,二次设备,事故,,,PSCADA复归/动作,保护事件,是,345备自投动作合345,345备自投动作合345
540,35kV,35kV345分段,345分段保护,二次设备,异常,,,PSCADA复归/告警,二次设备异常告警,是,345备自投装置异常,345备自投装置异常
541,35kV,35kV345分段,345开关机构,辅助设备,异常,,,PSCADA复归/告警,主设备异常告警,是,345开关控制回路断线1,345开关控制回路断线1
542,35kV,35kV345分段,345开关机构,辅助设备,异常,,,PSCADA已储能/未储能,主设备异常告警,是,345开关机构弹簧未储能报警,345开关机构弹簧未储能报警
543,35kV,35kV345分段,345分段保护,二次设备,事故,,,PSCADA复归/动作,保护事件,是,345备自投动作313开关拒动,345备自投动作313开关拒动
544,35kV,35kV345分段,345分段保护,二次设备,事故,,,PSCADA复归/动作,保护事件,是,345备自投动作316开关拒动,345备自投动作316开关拒动
545,35kV,35kV4母线,35kV4母PT,电压互感器,异常,,,PSCADA复归/告警,主设备异常告警,是,35-4母PT断线报警,35-4母PT断线报警
546,35kV,35kV5母线,35kV5母PT,电压互感器,异常,,,PSCADA复归/告警,主设备异常告警,是,35-5母PT断线报警,35-5母PT断线报警
548,35kV,35kV345分段,345分段保护,二次设备,异常,,,PSCADA恢复/中断,二次设备故障告警,是,345备自投装置通信中断,345备自投装置通信中断
549,35kV,公用间隔,小电流接地选线,二次设备,异常,,,PSCADA复归/告警,二次设备异常告警,是,小电流接地选线10-4母接地1,小电流接地选线10-4母接地1
550,35kV,公用间隔,小电流接地选线,二次设备,异常,,,PSCADA复归/告警,二次设备异常告警,是,小电流接地选线10-5母接地1,小电流接地选线10-5母接地1
551,35kV,公用间隔,小电流接地选线,二次设备,异常,,,PSCADA复归/告警,二次设备异常告警,是,小电流接地选线274接地,小电流接地选线274接地
552,35kV,公用间隔,小电流接地选线,二次设备,异常,,,PSCADA复归/告警,二次设备异常告警,是,小电流接地选线272接地,小电流接地选线272接地
553,35kV,公用间隔,小电流接地选线,二次设备,异常,,,PSCADA复归/告警,二次设备异常告警,是,小电流接地选线207接地,小电流接地选线207接地
554,35kV,公用间隔,小电流接地选线,二次设备,异常,,,PSCADA复归/告警,二次设备异常告警,是,小电流接地选线灰20接地,小电流接地选线灰20接地
555,35kV,公用间隔,小电流接地选线,二次设备,异常,,,PSCADA复归/告警,二次设备异常告警,是,小电流接地选线277接地,小电流接地选线277接地
556,35kV,公用间隔,小电流接地选线,二次设备,异常,,,PSCADA复归/告警,二次设备异常告警,是,小电流接地选线275接地,小电流接地选线275接地
557,35kV,公用间隔,小电流接地选线,二次设备,异常,,,PSCADA复归/告警,二次设备异常告警,是,小电流接地选线273接地,小电流接地选线273接地
558,35kV,公用间隔,小电流接地选线,二次设备,异常,,,PSCADA复归/告警,二次设备异常告警,是,小电流接地选线271接地,小电流接地选线271接地
559,35kV,公用间隔,小电流接地选线,二次设备,异常,,,PSCADA复归/告警,二次设备异常告警,是,小电流接地选线206接地,小电流接地选线206接地
560,35kV,公用间隔,小电流接地选线,二次设备,异常,,,PSCADA复归/告警,二次设备异常告警,是,小电流接地选线灰10接地,小电流接地选线灰10接地
561,35kV,公用间隔,小电流接地选线,二次设备,异常,,,PSCADA复归/告警,二次设备异常告警,是,小电流接地选线278接地,小电流接地选线278接地
562,35kV,公用间隔,小电流接地选线,二次设备,异常,,,PSCADA复归/告警,二次设备异常告警,是,小电流接地选线276接地,小电流接地选线276接地
563,35kV,公用间隔,小电流接地选线,二次设备,异常,,,PSCADA恢复/中断,二次设备故障告警,是,小电流接地选线装置通信中断,小电流接地选线装置通信中断
564,380V,交直流间隔,一体化电源,辅助设备,异常,,,PSCADA复归/告警,辅设备异常告警,是,一体化电源充电机模块通信故障,一体化电源充电机模块通信故障
565,380V,交直流间隔,一体化电源,辅助设备,异常,,,PSCADA复归/告警,辅设备异常告警,是,一体化电源充电机组开关机状态,一体化电源充电机组开关机状态
566,380V,交直流间隔,一体化电源,辅助设备,异常,,,PSCADA复归/告警,辅设备异常告警,是,一体化电源充电机组均浮充状态,一体化电源充电机组均浮充状态
567,380V,交直流间隔,一体化电源,辅助设备,异常,,,PSCADA复归/告警,辅设备异常告警,是,一体化电源充电机组输出过压报警,一体化电源充电机组输出过压报警
568,380V,交直流间隔,一体化电源,辅助设备,异常,,,PSCADA复归/告警,辅设备异常告警,是,一体化电源充电机组输出欠压报警,一体化电源充电机组输出欠压报警
569,380V,交直流间隔,一体化电源,辅助设备,异常,,,PSCADA复归/告警,辅设备异常告警,是,一体化电源蓄电池过压报警,一体化电源蓄电池过压报警
570,380V,交直流间隔,一体化电源,辅助设备,异常,,,PSCADA复归/告警,辅设备异常告警,是,一体化电源蓄电池欠压报警,一体化电源蓄电池欠压报警
571,380V,交直流间隔,一体化电源,辅助设备,异常,,,PSCADA复归/告警,辅设备异常告警,是,一体化电源I段控制母线过压,一体化电源I段控制母线过压
572,380V,交直流间隔,一体化电源,辅助设备,异常,,,PSCADA复归/告警,辅设备异常告警,是,一体化电源I段控制母线欠压,一体化电源I段控制母线欠压
573,380V,交直流间隔,一体化电源,辅助设备,异常,,,PSCADA复归/告警,辅设备异常告警,是,一体化电源I段直流母线正绝缘降低,一体化电源I段直流母线正绝缘降低
574,380V,交直流间隔,一体化电源,辅助设备,异常,,,PSCADA复归/告警,辅设备异常告警,是,一体化电源I段直流母线负绝缘降低,一体化电源I段直流母线负绝缘降低
575,380V,交直流间隔,一体化电源,辅助设备,异常,,,PSCADA复归/告警,辅设备异常告警,是,一体化电源I段绝缘正控母对地电压欠压,一体化电源I段绝缘正控母对地电压欠压
576,380V,交直流间隔,一体化电源,辅助设备,异常,,,PSCADA复归/告警,辅设备异常告警,是,一体化电源I段绝缘负控母对地电压欠压,一体化电源I段绝缘负控母对地电压欠压
577,380V,交直流间隔,一体化电源,辅助设备,异常,,,PSCADA复归/告警,辅设备异常告警,是,一体化电源I段直流母线交流窜入电压过压,一体化电源I段直流母线交流窜入电压过压
578,380V,交直流间隔,一体化电源,辅助设备,异常,,,PSCADA复归/告警,辅设备异常告警,是,一体化电源II段控制母线过压,一体化电源II段控制母线过压
579,380V,交直流间隔,一体化电源,辅助设备,异常,,,PSCADA复归/告警,辅设备异常告警,是,一体化电源II段控制母线欠压,一体化电源II段控制母线欠压
580,380V,交直流间隔,一体化电源,辅助设备,异常,,,PSCADA复归/告警,辅设备异常告警,是,一体化电源II段控制母线正绝缘降低,一体化电源II段控制母线正绝缘降低
581,380V,交直流间隔,一体化电源,辅助设备,异常,,,PSCADA复归/告警,辅设备异常告警,是,一体化电源II段控制母线负绝缘降低,一体化电源II段控制母线负绝缘降低
582,380V,交直流间隔,一体化电源,辅助设备,异常,,,PSCADA复归/告警,辅设备异常告警,是,一体化电源II段绝缘正控母对地电压欠压,一体化电源II段绝缘正控母对地电压欠压
583,380V,交直流间隔,一体化电源,辅助设备,异常,,,PSCADA复归/告警,辅设备异常告警,是,一体化电源II段绝缘负控母对地电压欠压,一体化电源II段绝缘负控母对地电压欠压
584,380V,交直流间隔,一体化电源,辅助设备,异常,,,PSCADA复归/告警,辅设备异常告警,是,一体化电源II段直流母线交流窜入电压过压,一体化电源II段直流母线交流窜入电压过压
585,380V,交直流间隔,一体化电源,辅助设备,异常,,,PSCADA复归/告警,辅设备异常告警,是,一体化电源UPS设备故障,一体化电源UPS设备故障
586,380V,交直流间隔,一体化电源,辅助设备,异常,,,PSCADA复归/告警,辅设备异常告警,是,一体化电源UPS直流输入异常,一体化电源UPS直流输入异常
587,380V,交直流间隔,一体化电源,辅助设备,异常,,,PSCADA复归/告警,辅设备异常告警,是,一体化电源UPS直流输入开关状态,一体化电源UPS直流输入开关状态
588,380V,交直流间隔,一体化电源,辅助设备,异常,,,PSCADA复归/告警,辅设备异常告警,是,一体化电源UPS交流输入开关状态,一体化电源UPS交流输入开关状态
589,380V,交直流间隔,一体化电源,辅助设备,异常,,,PSCADA复归/告警,辅设备异常告警,是,一体化电源UPS交流输出开关状态,一体化电源UPS交流输出开关状态
590,380V,交直流间隔,一体化电源,辅助设备,异常,,,PSCADA复归/告警,辅设备异常告警,是,一体化电源UPS旁路输入开关状态,一体化电源UPS旁路输入开关状态
591,380V,交直流间隔,一体化电源,辅助设备,异常,,,PSCADA复归/告警,辅设备异常告警,是,一体化电源UPS维修开关状态,一体化电源UPS维修开关状态
592,380V,交直流间隔,一体化电源,辅助设备,异常,,,PSCADA复归/告警,辅设备异常告警,是,一体化电源I段交流母线过压,一体化电源I段交流母线过压
593,380V,交直流间隔,一体化电源,辅助设备,异常,,,PSCADA复归/告警,辅设备异常告警,是,一体化电源I段交流母线欠压,一体化电源I段交流母线欠压
594,380V,交直流间隔,一体化电源,辅助设备,异常,,,PSCADA复归/告警,辅设备异常告警,是,一体化电源II段交流母线过压,一体化电源II段交流母线过压
595,380V,交直流间隔,一体化电源,辅助设备,异常,,,PSCADA复归/告警,辅设备异常告警,是,一体化电源II段交流母线欠压,一体化电源II段交流母线欠压
596,380V,交直流间隔,一体化电源,辅助设备,异常,,,PSCADA复归/告警,辅设备异常告警,是,一体化电源DC1#交流进线开关,一体化电源DC1#交流进线开关
597,380V,交直流间隔,一体化电源,辅助设备,异常,,,PSCADA复归/告警,辅设备异常告警,是,一体化电源DC2#交流进线开关,一体化电源DC2#交流进线开关
598,380V,交直流间隔,一体化电源,辅助设备,异常,,,PSCADA复归/告警,辅设备异常告警,是,一体化电源DC充电机输出开关,一体化电源DC充电机输出开关
599,380V,交直流间隔,一体化电源,辅助设备,异常,,,PSCADA复归/告警,辅设备异常告警,是,一体化电源DC蓄电池输出开关,一体化电源DC蓄电池输出开关
600,380V,交直流间隔,一体化电源,辅助设备,异常,,,PSCADA复归/告警,辅设备异常告警,是,一体化电源DCI段母线进线开关,一体化电源DCI段母线进线开关
601,380V,交直流间隔,一体化电源,辅助设备,异常,,,PSCADA复归/告警,辅设备异常告警,是,一体化电源DCII段母线进线开关,一体化电源DCII段母线进线开关
602,380V,交直流间隔,一体化电源,辅助设备,异常,,,PSCADA复归/告警,辅设备异常告警,是,一体化电源DC母联开关,一体化电源DC母联开关
603,380V,交直流间隔,一体化电源,辅助设备,异常,,,PSCADA复归/告警,辅设备异常告警,是,一体化电源DC蓄电池放电开关,一体化电源DC蓄电池放电开关
604,380V,交直流间隔,一体化电源,辅助设备,异常,,,PSCADA复归/告警,辅设备异常告警,是,一体化电源DC绝缘故障,一体化电源DC绝缘故障
605,380V,交直流间隔,一体化电源,辅助设备,异常,,,PSCADA复归/告警,辅设备异常告警,是,一体化电源DC防雷器故障,一体化电源DC防雷器故障
606,380V,交直流间隔,一体化电源,辅助设备,异常,,,PSCADA复归/告警,辅设备异常告警,是,一体化电源直流监控器通信故障,一体化电源直流监控器通信故障
607,380V,交直流间隔,一体化电源,辅助设备,异常,,,PSCADA复归/告警,辅设备异常告警,是,一体化电源ACI段1#交流进线开关,一体化电源ACI段1#交流进线开关
608,380V,交直流间隔,一体化电源,辅助设备,异常,,,PSCADA复归/告警,辅设备异常告警,是,一体化电源ACI段2#交流进线开关,一体化电源ACI段2#交流进线开关
609,380V,交直流间隔,一体化电源,辅助设备,异常,,,PSCADA复归/告警,辅设备异常告警,是,一体化电源ACII段1#交流进线开关,一体化电源ACII段1#交流进线开关
610,380V,交直流间隔,一体化电源,辅助设备,异常,,,PSCADA复归/告警,辅设备异常告警,是,一体化电源ACII段2#交流进线开关,一体化电源ACII段2#交流进线开关
611,380V,交直流间隔,一体化电源,辅助设备,异常,,,PSCADA恢复/中断,二次设备故障告警,是,一体化电源监控装置通信中断,一体化电源监控装置通信中断
612,35kV,公用间隔,消弧线圈1,二次设备,异常,,,PSCADA复归/告警,二次设备异常告警,是,消弧线圈1-1#单相接地,消弧线圈1-1#单相接地
613,35kV,公用间隔,消弧线圈1,二次设备,异常,,,PSCADA复归/告警,二次设备异常告警,是,消弧线圈1-1#调档故障,消弧线圈1-1#调档故障
614,35kV,公用间隔,消弧线圈1,二次设备,异常,,,PSCADA复归/告警,二次设备异常告警,是,消弧线圈1-1#容量不足,消弧线圈1-1#容量不足
615,35kV,公用间隔,消弧线圈1,二次设备,异常,,,PSCADA复归/告警,二次设备异常告警,是,消弧线圈1-1#阻尼箱掉电,消弧线圈1-1#阻尼箱掉电
616,35kV,公用间隔,消弧线圈1,二次设备,异常,,,PSCADA恢复/中断,二次设备故障告警,是,消弧线圈1装置通讯中断,消弧线圈1装置通讯中断
617,35kV,公用间隔,消弧线圈2,二次设备,异常,,,PSCADA复归/告警,二次设备异常告警,是,消弧线圈2-1#单相接地,消弧线圈2-1#单相接地
618,35kV,公用间隔,消弧线圈2,二次设备,异常,,,PSCADA复归/告警,二次设备异常告警,是,消弧线圈2-1#调档故障,消弧线圈2-1#调档故障
619,35kV,公用间隔,消弧线圈2,二次设备,异常,,,PSCADA复归/告警,二次设备异常告警,是,消弧线圈2-1#容量不足,消弧线圈2-1#容量不足
620,35kV,公用间隔,消弧线圈2,二次设备,异常,,,PSCADA复归/告警,二次设备异常告警,是,消弧线圈2-1#阻尼箱掉电,消弧线圈2-1#阻尼箱掉电
621,35kV,公用间隔,消弧线圈2,二次设备,异常,,,PSCADA恢复/中断,二次设备故障告警,是,消弧线圈2装置通讯中断,消弧线圈2装置通讯中断
622,35kV,公用间隔,辅助控制系统,辅助设备,异常,,,PSCADA复归/告警,辅设备异常告警,是,消防火灾总告警,消防火灾总告警
623,35kV,公用间隔,辅助控制系统,辅助设备,异常,,,PSCADA复归/告警,辅设备异常告警,是,安防总告警,安防总告警
624,35kV,公用间隔,时钟同步装置,二次设备,异常,,,PSCADA复归/告警,二次设备异常告警,是,GPS失电,GPS失电
625,10kV,10kV灰10接地变,灰10-1刀闸,交流刀闸,告知,,位置遥信,PSCADA分位/合位,一般遥信,是,灰10-1刀闸位置合位,灰10-1刀闸位置合位
626,10kV,10kV灰20接地变,灰20-1刀闸,交流刀闸,告知,,位置遥信,PSCADA分位/合位,一般遥信,是,灰20-1刀闸位置合位,灰20-1刀闸位置合位
627,35kV,35kV345分段,345分段保护,二次设备,变位,,,PSCADA退出/投入,软压板,是,345自投跳313合345软压板,345自投跳313合345软压板
628,35kV,35kV345分段,345分段保护,二次设备,变位,,,PSCADA退出/投入,软压板,是,345自投跳316合345软压板,345自投跳316合345软压板
629,10kV,10kV245分段,245分段保护,二次设备,变位,,,PSCADA退出/投入,软压板,是,245自投跳201合245软压板,245自投跳201合245软压板
630,10kV,10kV245分段,245分段保护,二次设备,变位,,,PSCADA退出/投入,软压板,是,245自投跳202合245软压板,245自投跳202合245软压板
631,10kV,10kV灰10接地变,灰10开关机构,辅助设备,异常,,,PSCADA复归/告警,主设备异常告警,是,灰10接地变温控器故障,灰10接地变温控器故障
632,10kV,10kV灰20接地变,灰20开关机构,辅助设备,异常,,,PSCADA复归/告警,主设备异常告警,是,灰20接地变温控器故障,灰20接地变温控器故障
2000,35kV,公用间隔,全站总复归,二次设备,告知,,,PSCADA复归/告警,二次设备异常告警,是,全站总复归,全站总复归
